,id,c_percent,lat,lon,alt,site,site_alt,site_alt_id
0,1-1-A,1.1042222123052015,32.4191777466267,-85.4147269991234,-2.5,0,0_A,A
1,1-1-B,0.4750015432501141,32.4191777466267,-85.4147269991234,-7.5,0,0_B,B
2,1-1-C,0.38630465433238803,32.4191777466267,-85.4147269991234,-12.5,0,0_C,C
3,1-1-D,0.31059298672875435,32.4191777466267,-85.4147269991234,-17.5,0,0_D,D
4,1-1-E,0.33390315830133277,32.4191777466267,-85.4147269991234,-22.5,0,0_E,E
5,1-1-F,0.32602340938211344,32.4191777466267,-85.4147269991234,-27.5,0,0_F,F
6,1-2-A,0.5645457780565064,32.4191777466267,-85.4147269991234,-2.5,0,0_A,A
7,1-2-B,0.4415589765294344,32.4191777466267,-85.4147269991234,-7.5,0,0_B,B
8,1-2-C,0.4650431197196724,32.4191777466267,-85.4147269991234,-12.5,0,0_C,C
9,1-2-D,0.44663884239888435,32.4191777466267,-85.4147269991234,-17.5,0,0_D,D
10,1-2-E,0.4962628159251191,32.4191777466267,-85.4147269991234,-22.5,0,0_E,E
11,1-2-F,0.33667834726688106,32.4191777466267,-85.4147269991234,-27.5,0,0_F,F
12,1-3-A,0.7185889088605861,32.4191777466267,-85.4147269991234,-2.5,0,0_A,A
13,1-3-B,0.3620185052330675,32.4191777466267,-85.4147269991234,-7.5,0,0_B,B
14,1-3-C,0.32013852956178485,32.4191777466267,-85.4147269991234,-12.5,0,0_C,C
15,1-3-D,0.30543287038440275,32.4191777466267,-85.4147269991234,-17.5,0,0_D,D
16,1-3-E,0.12447859952936144,32.4191777466267,-85.4147269991234,-22.5,0,0_E,E
17,1-3-F,0.17044499281640474,32.4191777466267,-85.4147269991234,-27.5,0,0_F,F
18,1-4-A,0.7055153889560661,32.4191777466267,-85.4147269991234,-2.5,0,0_A,A
19,1-4-B,0.35852584568145346,32.4191777466267,-85.4147269991234,-7.5,0,0_B,B
20,1-4-C,0.34326344424323085,32.4191777466267,-85.4147269991234,-12.5,0,0_C,C
21,1-4-D,0.1478487875389272,32.4191777466267,-85.4147269991234,-17.5,0,0_D,D
22,1-4-E,0.09742123097078476,32.4191777466267,-85.4147269991234,-22.5,0,0_E,E
23,1-4-F,0.14104620552318445,32.4191777466267,-85.4147269991234,-27.5,0,0_F,F
24,1-5-A,0.7030444365865158,32.4191777466267,-85.4147269991234,-2.5,0,0_A,A
25,1-5-B,0.3588129234351635,32.4191777466267,-85.4147269991234,-7.5,0,0_B,B
26,1-5-C,0.4685392805141218,32.4191777466267,-85.4147269991234,-12.5,0,0_C,C
27,1-5-D,0.4289709669707455,32.4191777466267,-85.4147269991234,-17.5,0,0_D,D
28,1-5-E,0.39511964273965394,32.4191777466267,-85.4147269991234,-22.5,0,0_E,E
29,1-5-F,0.31486887163204613,32.4191777466267,-85.4147269991234,-27.5,0,0_F,F
30,2-1-A,0.8038861171241295,32.4189015927011,-85.4137833022876,-2.5,1,1_A,A
31,2-1-B,0.4427053333021516,32.4189015927011,-85.4137833022876,-7.5,1,1_B,B
32,2-1-C,0.3801631550891493,32.4189015927011,-85.4137833022876,-12.5,1,1_C,C
33,2-1-D,0.35485198033200255,32.4189015927011,-85.4137833022876,-17.5,1,1_D,D
34,2-1-E,0.46066863739985664,32.4189015927011,-85.4137833022876,-22.5,1,1_E,E
35,2-1-F,0.3124398061992804,32.4189015927011,-85.4137833022876,-27.5,1,1_F,F
36,2-2-A,0.838264739553165,32.4189015927011,-85.4137833022876,-2.5,1,1_A,A
37,2-2-B,0.5015356895243656,32.4189015927011,-85.4137833022876,-7.5,1,1_B,B
38,2-2-C,0.38068966745662297,32.4189015927011,-85.4137833022876,-12.5,1,1_C,C
39,2-2-D,0.3894602165025806,32.4189015927011,-85.4137833022876,-17.5,1,1_D,D
40,2-2-E,0.3692098460508702,32.4189015927011,-85.4137833022876,-22.5,1,1_E,E
41,2-2-F,0.2513526900276643,32.4189015927011,-85.4137833022876,-27.5,1,1_F,F
42,2-3-A,0.6309925183500465,32.4189015927011,-85.4137833022876,-2.5,1,1_A,A
43,2-3-B,0.39427939460649425,32.4189015927011,-85.4137833022876,-7.5,1,1_B,B
44,2-3-C,0.3304327368846531,32.4189015927011,-85.4137833022876,-12.5,1,1_C,C
45,2-3-D,0.2934831713128899,32.4189015927011,-85.4137833022876,-17.5,1,1_D,D
46,2-3-E,0.28229983489258487,32.4189015927011,-85.4137833022876,-22.5,1,1_E,E
47,2-3-F,0.2921442132564841,32.4189015927011,-85.4137833022876,-27.5,1,1_F,F
48,2-4-A,0.9928111274227839,32.4189015927011,-85.4137833022876,-2.5,1,1_A,A
49,2-4-B,0.6894877833318186,32.4189015927011,-85.4137833022876,-7.5,1,1_B,B
50,2-4-C,0.6936455402500268,32.4189015927011,-85.4137833022876,-12.5,1,1_C,C
51,2-4-D,0.3627358927136871,32.4189015927011,-85.4137833022876,-17.5,1,1_D,D
52,2-4-E,0.26824454545454546,32.4189015927011,-85.4137833022876,-22.5,1,1_E,E
53,2-4-F,0.19755043191502503,32.4189015927011,-85.4137833022876,-27.5,1,1_F,F
54,2-5-A,0.9523790043453941,32.4189015927011,-85.4137833022876,-2.5,1,1_A,A
55,2-5-B,0.5104616953126889,32.4189015927011,-85.4137833022876,-7.5,1,1_B,B
56,2-5-C,0.4158668818366554,32.4189015927011,-85.4137833022876,-12.5,1,1_C,C
57,2-5-D,0.48092911427334706,32.4189015927011,-85.4137833022876,-17.5,1,1_D,D
58,2-5-E,0.4499446400594023,32.4189015927011,-85.4137833022876,-22.5,1,1_E,E
59,2-5-F,0.19134465203931755,32.4189015927011,-85.4137833022876,-27.5,1,1_F,F
60,3-1-A,1.5480263493190187,32.4185659058903,-85.4129723179052,-2.5,2,2_A,A
61,3-1-B,1.1784142324976181,32.4185659058903,-85.4129723179052,-7.5,2,2_B,B
62,3-1-C,0.6652751634766999,32.4185659058903,-85.4129723179052,-12.5,2,2_C,C
63,3-1-D,0.5411667487328025,32.4185659058903,-85.4129723179052,-17.5,2,2_D,D
64,3-1-E,0.6340971137521223,32.4185659058903,-85.4129723179052,-22.5,2,2_E,E
65,3-1-F,0.38528250360576916,32.4185659058903,-85.4129723179052,-27.5,2,2_F,F
66,3-2-A,0.800566509933775,32.4185659058903,-85.4129723179052,-2.5,2,2_A,A
67,3-2-B,0.34244109691130636,32.4185659058903,-85.4129723179052,-7.5,2,2_B,B
68,3-2-C,0.3398930030536633,32.4185659058903,-85.4129723179052,-12.5,2,2_C,C
69,3-2-D,0.3053868063249069,32.4185659058903,-85.4129723179052,-17.5,2,2_D,D
70,3-2-E,0.28050985125483263,32.4185659058903,-85.4129723179052,-22.5,2,2_E,E
71,3-2-F,0.3685928570881318,32.4185659058903,-85.4129723179052,-27.5,2,2_F,F
72,3-3-A,0.5100851462039235,32.4185659058903,-85.4129723179052,-2.5,2,2_A,A
73,3-3-B,0.32210462491760045,32.4185659058903,-85.4129723179052,-7.5,2,2_B,B
74,3-3-C,0.3022186527259149,32.4185659058903,-85.4129723179052,-12.5,2,2_C,C
75,3-3-D,0.2702398313116683,32.4185659058903,-85.4129723179052,-17.5,2,2_D,D
76,3-3-E,0.2904440580232453,32.4185659058903,-85.4129723179052,-22.5,2,2_E,E
77,3-3-F,0.2540025522014025,32.4185659058903,-85.4129723179052,-27.5,2,2_F,F
78,3-4-A,1.4521756328102897,32.4185659058903,-85.4129723179052,-2.5,2,2_A,A
79,3-4-B,1.0416085048320824,32.4185659058903,-85.4129723179052,-7.5,2,2_B,B
80,3-4-C,0.570263836672968,32.4185659058903,-85.4129723179052,-12.5,2,2_C,C
81,3-4-D,0.5087120468572163,32.4185659058903,-85.4129723179052,-17.5,2,2_D,D
82,3-4-E,0.5104087865857847,32.4185659058903,-85.4129723179052,-22.5,2,2_E,E
83,3-4-F,0.8376716093814199,32.4185659058903,-85.4129723179052,-27.5,2,2_F,F
84,3-5-A,0.7830752770173078,32.4185659058903,-85.4129723179052,-2.5,2,2_A,A
85,3-5-B,0.5244864079647018,32.4185659058903,-85.4129723179052,-7.5,2,2_B,B
86,3-5-C,0.3857121898517936,32.4185659058903,-85.4129723179052,-12.5,2,2_C,C
87,3-5-D,0.36315037038609305,32.4185659058903,-85.4129723179052,-17.5,2,2_D,D
88,3-5-E,0.308228830658705,32.4185659058903,-85.4129723179052,-22.5,2,2_E,E
89,3-5-F,0.1719018993574158,32.4185659058903,-85.4129723179052,-27.5,2,2_F,F
90,4-1-A,0.6291430343444248,32.4186918067035,-85.4123710090226,-2.5,3,3_A,A
91,4-1-B,0.45642236703781286,32.4186918067035,-85.4123710090226,-7.5,3,3_B,B
92,4-1-C,0.340996134130089,32.4186918067035,-85.4123710090226,-12.5,3,3_C,C
93,4-1-D,0.21358615913155124,32.4186918067035,-85.4123710090226,-17.5,3,3_D,D
94,4-1-E,0.15044856011277435,32.4186918067035,-85.4123710090226,-22.5,3,3_E,E
95,4-1-F,0.16461387370341518,32.4186918067035,-85.4123710090226,-27.5,3,3_F,F
96,4-2-A,1.0171215379249425,32.4186918067035,-85.4123710090226,-2.5,3,3_A,A
97,4-2-B,0.34554687098909836,32.4186918067035,-85.4123710090226,-7.5,3,3_B,B
98,4-2-C,0.29797162945057964,32.4186918067035,-85.4123710090226,-12.5,3,3_C,C
99,4-2-D,0.29762947618337204,32.4186918067035,-85.4123710090226,-17.5,3,3_D,D
100,4-2-E,0.2863369790923961,32.4186918067035,-85.4123710090226,-22.5,3,3_E,E
101,4-2-F,0.21577806507705347,32.4186918067035,-85.4123710090226,-27.5,3,3_F,F
102,4-3-A,1.3613195050532152,32.4186918067035,-85.4123710090226,-2.5,3,3_A,A
103,4-3-B,0.7498401765489385,32.4186918067035,-85.4123710090226,-7.5,3,3_B,B
104,4-3-C,1.0299868162612298,32.4186918067035,-85.4123710090226,-12.5,3,3_C,C
105,4-3-D,0.7544142630313478,32.4186918067035,-85.4123710090226,-17.5,3,3_D,D
106,4-3-E,0.5874820472353086,32.4186918067035,-85.4123710090226,-22.5,3,3_E,E
107,4-3-F,0.41399166652480685,32.4186918067035,-85.4123710090226,-27.5,3,3_F,F
108,4-4-A,1.208580299387918,32.4186918067035,-85.4123710090226,-2.5,3,3_A,A
109,4-4-B,0.561102329265697,32.4186918067035,-85.4123710090226,-7.5,3,3_B,B
110,4-4-C,0.47849315083508537,32.4186918067035,-85.4123710090226,-12.5,3,3_C,C
111,4-4-D,0.4305399172449977,32.4186918067035,-85.4123710090226,-17.5,3,3_D,D
112,4-4-E,0.3433880690582169,32.4186918067035,-85.4123710090226,-22.5,3,3_E,E
113,4-4-F,0.2604485072744471,32.4186918067035,-85.4123710090226,-27.5,3,3_F,F
114,4-5-A,1.0504337482039807,32.4186918067035,-85.4123710090226,-2.5,3,3_A,A
115,4-5-B,0.9802360473646804,32.4186918067035,-85.4123710090226,-7.5,3,3_B,B
116,4-5-C,0.6921493560051658,32.4186918067035,-85.4123710090226,-12.5,3,3_C,C
117,4-5-D,0.6535944242633718,32.4186918067035,-85.4123710090226,-17.5,3,3_D,D
118,4-5-E,0.6367568815386723,32.4186918067035,-85.4123710090226,-22.5,3,3_E,E
119,4-5-F,0.46899942317176874,32.4186918067035,-85.4123710090226,-27.5,3,3_F,F
120,5-1-A,0.5053875797014926,32.4195782746788,-85.4137457240171,-2.5,4,4_A,A
121,5-1-B,0.4805244526409681,32.4195782746788,-85.4137457240171,-7.5,4,4_B,B
122,5-1-C,0.4213056312358934,32.4195782746788,-85.4137457240171,-12.5,4,4_C,C
123,5-1-D,0.37495311876579335,32.4195782746788,-85.4137457240171,-17.5,4,4_D,D
124,5-1-E,0.258511248153324,32.4195782746788,-85.4137457240171,-22.5,4,4_E,E
125,5-1-F,0.1752403181796384,32.4195782746788,-85.4137457240171,-27.5,4,4_F,F
126,5-2-A,0.5029544630716609,32.4195782746788,-85.4137457240171,-2.5,4,4_A,A
127,5-2-B,0.48047351961311124,32.4195782746788,-85.4137457240171,-7.5,4,4_B,B
128,5-2-C,0.4527168911369777,32.4195782746788,-85.4137457240171,-12.5,4,4_C,C
129,5-2-D,0.31444946403385055,32.4195782746788,-85.4137457240171,-17.5,4,4_D,D
130,5-2-E,0.2928136897603577,32.4195782746788,-85.4137457240171,-22.5,4,4_E,E
131,5-2-F,0.20037254917879227,32.4195782746788,-85.4137457240171,-27.5,4,4_F,F
132,5-3-A,0.8532239142993177,32.4195782746788,-85.4137457240171,-2.5,4,4_A,A
133,5-3-B,0.5109700245398774,32.4195782746788,-85.4137457240171,-7.5,4,4_B,B
134,5-3-C,0.37438756476683926,32.4195782746788,-85.4137457240171,-12.5,4,4_C,C
135,5-3-D,0.36765319706375243,32.4195782746788,-85.4137457240171,-17.5,4,4_D,D
136,5-3-E,0.3435059253734934,32.4195782746788,-85.4137457240171,-22.5,4,4_E,E
137,5-3-F,0.22957741900217724,32.4195782746788,-85.4137457240171,-27.5,4,4_F,F
138,5-4-A,0.8721816807165209,32.4195782746788,-85.4137457240171,-2.5,4,4_A,A
139,5-4-B,0.3561396132960716,32.4195782746788,-85.4137457240171,-7.5,4,4_B,B
140,5-4-C,0.5927570669736113,32.4195782746788,-85.4137457240171,-12.5,4,4_C,C
141,5-4-D,0.33280965434823445,32.4195782746788,-85.4137457240171,-17.5,4,4_D,D
142,5-4-E,0.4016617497057669,32.4195782746788,-85.4137457240171,-22.5,4,4_E,E
143,5-4-F,0.41605777777777786,32.4195782746788,-85.4137457240171,-27.5,4,4_F,F
144,5-5-A,0.6414706716364674,32.4195782746788,-85.4137457240171,-2.5,4,4_A,A
145,5-5-B,0.5768902936243461,32.4195782746788,-85.4137457240171,-7.5,4,4_B,B
146,5-5-C,0.26645601490780696,32.4195782746788,-85.4137457240171,-12.5,4,4_C,C
147,5-5-D,0.290582223146635,32.4195782746788,-85.4137457240171,-17.5,4,4_D,D
148,5-5-E,0.38813651750088585,32.4195782746788,-85.4137457240171,-22.5,4,4_E,E
149,5-5-F,0.4161318714076493,32.4195782746788,-85.4137457240171,-27.5,4,4_F,F
150,6-1-A,1.0370566146397695,32.4193747666921,-85.4130481289227,-2.5,5,5_A,A
151,6-1-B,0.9698788347621593,32.4193747666921,-85.4130481289227,-7.5,5,5_B,B
152,6-1-C,0.6404826215248577,32.4193747666921,-85.4130481289227,-12.5,5,5_C,C
153,6-1-D,0.5521930940514469,32.4193747666921,-85.4130481289227,-17.5,5,5_D,D
154,6-1-E,0.5629937951323885,32.4193747666921,-85.4130481289227,-22.5,5,5_E,E
155,6-1-F,0.2939619729206962,32.4193747666921,-85.4130481289227,-27.5,5,5_F,F
156,6-2-A,0.8878539377678403,32.4193747666921,-85.4130481289227,-2.5,5,5_A,A
157,6-2-B,0.5614253790528405,32.4193747666921,-85.4130481289227,-7.5,5,5_B,B
158,6-2-C,0.2580353572555746,32.4193747666921,-85.4130481289227,-12.5,5,5_C,C
159,6-2-D,0.23917208987793512,32.4193747666921,-85.4130481289227,-17.5,5,5_D,D
160,6-2-E,0.19213862923331965,32.4193747666921,-85.4130481289227,-22.5,5,5_E,E
161,6-2-F,0.22910014904920312,32.4193747666921,-85.4130481289227,-27.5,5,5_F,F
162,6-3-A,1.4040210170303804,32.4193747666921,-85.4130481289227,-2.5,5,5_A,A
163,6-3-B,0.8835716949956215,32.4193747666921,-85.4130481289227,-7.5,5,5_B,B
164,6-3-C,0.5323030621317622,32.4193747666921,-85.4130481289227,-12.5,5,5_C,C
165,6-3-D,0.6161389082477373,32.4193747666921,-85.4130481289227,-17.5,5,5_D,D
166,6-3-E,0.5824908560723879,32.4193747666921,-85.4130481289227,-22.5,5,5_E,E
167,6-3-F,0.4189305606094257,32.4193747666921,-85.4130481289227,-27.5,5,5_F,F
168,6-4-A,0.7875380790708589,32.4193747666921,-85.4130481289227,-2.5,5,5_A,A
169,6-4-B,0.6513678673107439,32.4193747666921,-85.4130481289227,-7.5,5,5_B,B
170,6-4-C,0.6253542716847036,32.4193747666921,-85.4130481289227,-12.5,5,5_C,C
171,6-4-D,0.5872366070805113,32.4193747666921,-85.4130481289227,-17.5,5,5_D,D
172,6-4-E,0.3016905994621738,32.4193747666921,-85.4130481289227,-22.5,5,5_E,E
173,6-4-F,0.41749002755769893,32.4193747666921,-85.4130481289227,-27.5,5,5_F,F
174,6-5-A,1.6251209229734922,32.4193747666921,-85.4130481289227,-2.5,5,5_A,A
175,6-5-B,1.4323928262652685,32.4193747666921,-85.4130481289227,-7.5,5,5_B,B
176,6-5-C,0.7987664140301647,32.4193747666921,-85.4130481289227,-12.5,5,5_C,C
177,6-5-D,0.6718797123980885,32.4193747666921,-85.4130481289227,-17.5,5,5_D,D
178,6-5-E,0.5760465885192793,32.4193747666921,-85.4130481289227,-22.5,5,5_E,E
179,6-5-F,0.6362112490327918,32.4193747666921,-85.4130481289227,-27.5,5,5_F,F
180,7-1-A,0.809323464422341,32.4208714479132,-85.4138042276623,-2.5,6,6_A,A
181,7-1-B,0.6067515325717562,32.4208714479132,-85.4138042276623,-7.5,6,6_B,B
182,7-1-C,0.27508571939641335,32.4208714479132,-85.4138042276623,-12.5,6,6_C,C
183,7-1-D,0.2624177721230202,32.4208714479132,-85.4138042276623,-17.5,6,6_D,D
184,7-1-E,0.2710893455565789,32.4208714479132,-85.4138042276623,-22.5,6,6_E,E
185,7-1-F,0.18936789014408115,32.4208714479132,-85.4138042276623,-27.5,6,6_F,F
186,7-2-A,0.884392954992444,32.4208714479132,-85.4138042276623,-2.5,6,6_A,A
187,7-2-B,0.43947201438848926,32.4208714479132,-85.4138042276623,-7.5,6,6_B,B
188,7-2-C,0.45773660109408704,32.4208714479132,-85.4138042276623,-12.5,6,6_C,C
189,7-2-D,0.3844048826243424,32.4208714479132,-85.4138042276623,-17.5,6,6_D,D
190,7-2-E,0.40564706408985796,32.4208714479132,-85.4138042276623,-22.5,6,6_E,E
191,7-2-F,0.31262840268488445,32.4208714479132,-85.4138042276623,-27.5,6,6_F,F
192,7-3-A,0.09441817952314165,32.4208714479132,-85.4138042276623,-2.5,6,6_A,A
193,7-3-B,0.0864379399181469,32.4208714479132,-85.4138042276623,-7.5,6,6_B,B
194,7-3-C,0.1741232612010999,32.4208714479132,-85.4138042276623,-12.5,6,6_C,C
195,7-3-D,0.25798421487789996,32.4208714479132,-85.4138042276623,-17.5,6,6_D,D
196,7-3-E,0.32513675067324954,32.4208714479132,-85.4138042276623,-22.5,6,6_E,E
197,7-3-F,0.7014997053903785,32.4208714479132,-85.4138042276623,-27.5,6,6_F,F
198,7-4-A,0.8992598639455783,32.4208714479132,-85.4138042276623,-2.5,6,6_A,A
199,7-4-B,0.7727271185364379,32.4208714479132,-85.4138042276623,-7.5,6,6_B,B
200,7-4-C,0.5501194332586918,32.4208714479132,-85.4138042276623,-12.5,6,6_C,C
201,7-4-D,0.7119758024572627,32.4208714479132,-85.4138042276623,-17.5,6,6_D,D
202,7-4-E,0.36233951166414813,32.4208714479132,-85.4138042276623,-22.5,6,6_E,E
203,7-4-F,0.12582968503414263,32.4208714479132,-85.4138042276623,-27.5,6,6_F,F
204,7-5-A,0.7750336450433278,32.4208714479132,-85.4138042276623,-2.5,6,6_A,A
205,7-5-B,0.5603169075822102,32.4208714479132,-85.4138042276623,-7.5,6,6_B,B
206,7-5-C,0.4832858612894474,32.4208714479132,-85.4138042276623,-12.5,6,6_C,C
207,7-5-D,0.3791668496642457,32.4208714479132,-85.4138042276623,-17.5,6,6_D,D
208,7-5-E,0.3434003392317068,32.4208714479132,-85.4138042276623,-22.5,6,6_E,E
209,7-5-F,0.14020805369127518,32.4208714479132,-85.4138042276623,-27.5,6,6_F,F
210,8-1-A,0.5726552667853776,32.4206435514424,-85.4148770000213,-2.5,7,7_A,A
211,8-1-B,0.4876477116068983,32.4206435514424,-85.4148770000213,-7.5,7,7_B,B
212,8-1-C,0.4454648539831111,32.4206435514424,-85.4148770000213,-12.5,7,7_C,C
213,8-1-D,0.38367786336779913,32.4206435514424,-85.4148770000213,-17.5,7,7_D,D
214,8-1-E,0.29139020850010916,32.4206435514424,-85.4148770000213,-22.5,7,7_E,E
215,8-1-F,0.25389276249082854,32.4206435514424,-85.4148770000213,-27.5,7,7_F,F
216,8-2-A,0.6662936155416613,32.4206435514424,-85.4148770000213,-2.5,7,7_A,A
217,8-2-B,0.41630219447287614,32.4206435514424,-85.4148770000213,-7.5,7,7_B,B
218,8-2-C,0.2789594291266853,32.4206435514424,-85.4148770000213,-12.5,7,7_C,C
219,8-2-D,0.2658925845400249,32.4206435514424,-85.4148770000213,-17.5,7,7_D,D
220,8-2-E,0.3326581662261381,32.4206435514424,-85.4148770000213,-22.5,7,7_E,E
221,8-2-F,0.3458794764867338,32.4206435514424,-85.4148770000213,-27.5,7,7_F,F
222,8-3-A,1.170250568711053,32.4206435514424,-85.4148770000213,-2.5,7,7_A,A
223,8-3-B,1.1692486256594072,32.4206435514424,-85.4148770000213,-7.5,7,7_B,B
224,8-3-C,0.7366722828999214,32.4206435514424,-85.4148770000213,-12.5,7,7_C,C
225,8-3-D,0.6189017377984117,32.4206435514424,-85.4148770000213,-17.5,7,7_D,D
226,8-3-E,0.5763214828209764,32.4206435514424,-85.4148770000213,-22.5,7,7_E,E
227,8-3-F,0.42669648864954435,32.4206435514424,-85.4148770000213,-27.5,7,7_F,F
228,8-4-A,1.239831244355679,32.4206435514424,-85.4148770000213,-2.5,7,7_A,A
229,8-4-B,0.6310338501487693,32.4206435514424,-85.4148770000213,-7.5,7,7_B,B
230,8-4-C,0.4468087488443759,32.4206435514424,-85.4148770000213,-12.5,7,7_C,C
231,8-4-D,0.3511618527151461,32.4206435514424,-85.4148770000213,-17.5,7,7_D,D
232,8-4-E,0.3286363071540203,32.4206435514424,-85.4148770000213,-22.5,7,7_E,E
233,8-4-F,0.2610362558704453,32.4206435514424,-85.4148770000213,-27.5,7,7_F,F
234,8-5-A,0.757541012510462,32.4206435514424,-85.4148770000213,-2.5,7,7_A,A
235,8-5-B,0.5362663017074458,32.4206435514424,-85.4148770000213,-7.5,7,7_B,B
236,8-5-C,0.4353532139089848,32.4206435514424,-85.4148770000213,-12.5,7,7_C,C
237,8-5-D,0.4110057329400726,32.4206435514424,-85.4148770000213,-17.5,7,7_D,D
238,8-5-E,0.23478791538493948,32.4206435514424,-85.4148770000213,-22.5,7,7_E,E
239,8-5-F,0.28264231816383056,32.4206435514424,-85.4148770000213,-27.5,7,7_F,F
240,9-1-A,0.8560749118069523,32.4202760680959,-85.4158168052246,-2.5,8,8_A,A
241,9-1-B,0.8777765221781785,32.4202760680959,-85.4158168052246,-7.5,8,8_B,B
242,9-1-C,0.6769148596029257,32.4202760680959,-85.4158168052246,-12.5,8,8_C,C
243,9-1-D,0.6119655130912163,32.4202760680959,-85.4158168052246,-17.5,8,8_D,D
244,9-1-E,0.4419501122587018,32.4202760680959,-85.4158168052246,-22.5,8,8_E,E
245,9-1-F,0.2658151548791406,32.4202760680959,-85.4158168052246,-27.5,8,8_F,F
246,9-2-A,1.6550119171676687,32.4202760680959,-85.4158168052246,-2.5,8,8_A,A
247,9-2-B,0.9560304697195473,32.4202760680959,-85.4158168052246,-7.5,8,8_B,B
248,9-2-C,0.9839550510564112,32.4202760680959,-85.4158168052246,-12.5,8,8_C,C
249,9-2-D,1.2015195723362555,32.4202760680959,-85.4158168052246,-17.5,8,8_D,D
250,9-2-E,0.8224278288410924,32.4202760680959,-85.4158168052246,-22.5,8,8_E,E
251,9-2-F,0.3433968139327589,32.4202760680959,-85.4158168052246,-27.5,8,8_F,F
252,9-3-A,1.0361514141732284,32.4202760680959,-85.4158168052246,-2.5,8,8_A,A
253,9-3-B,0.6705898171932795,32.4202760680959,-85.4158168052246,-7.5,8,8_B,B
254,9-3-C,0.7147741405957984,32.4202760680959,-85.4158168052246,-12.5,8,8_C,C
255,9-3-D,0.60047715993451,32.4202760680959,-85.4158168052246,-17.5,8,8_D,D
256,9-3-E,0.45934865840008776,32.4202760680959,-85.4158168052246,-22.5,8,8_E,E
257,9-3-F,0.4522749503853787,32.4202760680959,-85.4158168052246,-27.5,8,8_F,F
258,9-4-A,0.923264630624509,32.4202760680959,-85.4158168052246,-2.5,8,8_A,A
259,9-4-B,0.5860529480910287,32.4202760680959,-85.4158168052246,-7.5,8,8_B,B
260,9-4-C,0.4295930956316411,32.4202760680959,-85.4158168052246,-12.5,8,8_C,C
261,9-4-D,0.3945422257415571,32.4202760680959,-85.4158168052246,-17.5,8,8_D,D
262,9-4-E,0.42904738178535157,32.4202760680959,-85.4158168052246,-22.5,8,8_E,E
263,9-4-F,0.23956079054187193,32.4202760680959,-85.4158168052246,-27.5,8,8_F,F
264,9-5-A,0.6169034715046693,32.4202760680959,-85.4158168052246,-2.5,8,8_A,A
265,9-5-B,0.37742178360920464,32.4202760680959,-85.4158168052246,-7.5,8,8_B,B
266,9-5-C,0.3383326094224923,32.4202760680959,-85.4158168052246,-12.5,8,8_C,C
267,9-5-D,0.30542894215714383,32.4202760680959,-85.4158168052246,-17.5,8,8_D,D
268,9-5-E,0.3537581161250578,32.4202760680959,-85.4158168052246,-22.5,8,8_E,E
269,9-5-F,0.23869317853112443,32.4202760680959,-85.4158168052246,-27.5,8,8_F,F
270,10-1-A,0.810815073703041,32.419811118133,-85.4160272625068,-2.5,9,9_A,A
271,10-1-B,0.30475892412105543,32.419811118133,-85.4160272625068,-7.5,9,9_B,B
272,10-1-C,0.3222851463829787,32.419811118133,-85.4160272625068,-12.5,9,9_C,C
273,10-1-D,0.260586294945765,32.419811118133,-85.4160272625068,-17.5,9,9_D,D
274,10-1-E,0.2510631966847306,32.419811118133,-85.4160272625068,-22.5,9,9_E,E
275,10-1-F,0.29093770212765957,32.419811118133,-85.4160272625068,-27.5,9,9_F,F
276,10-2-A,1.2703447074280887,32.419811118133,-85.4160272625068,-2.5,9,9_A,A
277,10-2-B,0.719463629564001,32.419811118133,-85.4160272625068,-7.5,9,9_B,B
278,10-2-C,0.4532324152286454,32.419811118133,-85.4160272625068,-12.5,9,9_C,C
279,10-2-D,0.4046981576335507,32.419811118133,-85.4160272625068,-17.5,9,9_D,D
280,10-2-E,0.282330566314151,32.419811118133,-85.4160272625068,-22.5,9,9_E,E
281,10-2-F,0.22336038755790866,32.419811118133,-85.4160272625068,-27.5,9,9_F,F
282,10-3-A,1.2271708280394797,32.419811118133,-85.4160272625068,-2.5,9,9_A,A
283,10-3-B,0.6093248867313915,32.419811118133,-85.4160272625068,-7.5,9,9_B,B
284,10-3-C,0.3687778808954575,32.419811118133,-85.4160272625068,-12.5,9,9_C,C
285,10-3-D,0.5885297433367561,32.419811118133,-85.4160272625068,-17.5,9,9_D,D
286,10-3-E,0.5050806970688388,32.419811118133,-85.4160272625068,-22.5,9,9_E,E
287,10-3-F,0.3508344685900629,32.419811118133,-85.4160272625068,-27.5,9,9_F,F
288,10-4-A,1.3111986641426723,32.419811118133,-85.4160272625068,-2.5,9,9_A,A
289,10-4-B,0.6817334406215775,32.419811118133,-85.4160272625068,-7.5,9,9_B,B
290,10-4-C,0.6472245579492424,32.419811118133,-85.4160272625068,-12.5,9,9_C,C
291,10-4-D,0.42028245465225567,32.419811118133,-85.4160272625068,-17.5,9,9_D,D
292,10-4-E,0.16672437445228544,32.419811118133,-85.4160272625068,-22.5,9,9_E,E
293,10-4-F,0.291171096102225,32.419811118133,-85.4160272625068,-27.5,9,9_F,F
294,10-5-A,0.6920306977207789,32.419811118133,-85.4160272625068,-2.5,9,9_A,A
295,10-5-B,0.6124504512893985,32.419811118133,-85.4160272625068,-7.5,9,9_B,B
296,10-5-C,0.4880968758839628,32.419811118133,-85.4160272625068,-12.5,9,9_C,C
297,10-5-D,0.4719819975320612,32.419811118133,-85.4160272625068,-17.5,9,9_D,D
298,10-5-E,0.4289789285469852,32.419811118133,-85.4160272625068,-22.5,9,9_E,E
299,10-5-F,0.13455233278568032,32.419811118133,-85.4160272625068,-27.5,9,9_F,F
300,11-1-A,0.49130030375426625,32.4202607218761,-85.4139705930311,-2.5,10,10_A,A
301,11-1-B,0.5126616601379372,32.4202607218761,-85.4139705930311,-7.5,10,10_B,B
302,11-1-C,0.5505951037655112,32.4202607218761,-85.4139705930311,-12.5,10,10_C,C
303,11-1-D,0.3787681134865381,32.4202607218761,-85.4139705930311,-17.5,10,10_D,D
304,11-1-E,0.3522050110454662,32.4202607218761,-85.4139705930311,-22.5,10,10_E,E
305,11-1-F,0.22029426614915437,32.4202607218761,-85.4139705930311,-27.5,10,10_F,F
306,11-2-A,0.7215104350795826,32.4202607218761,-85.4139705930311,-2.5,10,10_A,A
307,11-2-B,0.624153633019795,32.4202607218761,-85.4139705930311,-7.5,10,10_B,B
308,11-2-C,0.5708639134305871,32.4202607218761,-85.4139705930311,-12.5,10,10_C,C
309,11-2-D,0.30025071260168645,32.4202607218761,-85.4139705930311,-17.5,10,10_D,D
310,11-2-E,0.2905522858121532,32.4202607218761,-85.4139705930311,-22.5,10,10_E,E
311,11-2-F,0.25093923108845156,32.4202607218761,-85.4139705930311,-27.5,10,10_F,F
312,11-3-A,0.6354360779076923,32.4202607218761,-85.4139705930311,-2.5,10,10_A,A
313,11-3-B,0.41725500580414826,32.4202607218761,-85.4139705930311,-7.5,10,10_B,B
314,11-3-C,0.3607047456185932,32.4202607218761,-85.4139705930311,-12.5,10,10_C,C
315,11-3-D,0.3357281637901717,32.4202607218761,-85.4139705930311,-17.5,10,10_D,D
316,11-3-E,0.3737414917207862,32.4202607218761,-85.4139705930311,-22.5,10,10_E,E
317,11-3-F,0.2620489791582808,32.4202607218761,-85.4139705930311,-27.5,10,10_F,F
318,11-4-A,0.964966540694995,32.4202607218761,-85.4139705930311,-2.5,10,10_A,A
319,11-4-B,0.6333750937624685,32.4202607218761,-85.4139705930311,-7.5,10,10_B,B
320,11-4-C,0.39385878906752414,32.4202607218761,-85.4139705930311,-12.5,10,10_C,C
321,11-4-D,0.40843774435519575,32.4202607218761,-85.4139705930311,-17.5,10,10_D,D
322,11-4-E,0.4515191135339503,32.4202607218761,-85.4139705930311,-22.5,10,10_E,E
323,11-4-F,0.4022432003638364,32.4202607218761,-85.4139705930311,-27.5,10,10_F,F
324,11-5-A,0.4702592720306513,32.4202607218761,-85.4139705930311,-2.5,10,10_A,A
325,11-5-B,0.30250753003708286,32.4202607218761,-85.4139705930311,-7.5,10,10_B,B
326,11-5-C,0.2752035904120374,32.4202607218761,-85.4139705930311,-12.5,10,10_C,C
327,11-5-D,0.23564139498312206,32.4202607218761,-85.4139705930311,-17.5,10,10_D,D
328,11-5-E,0.14453574838319452,32.4202607218761,-85.4139705930311,-22.5,10,10_E,E
329,11-5-F,0.1528262823991766,32.4202607218761,-85.4139705930311,-27.5,10,10_F,F
330,12-1-A,0.766419134886774,32.4198913852368,-85.4149519458428,-2.5,11,11_A,A
331,12-1-B,0.5245107295158606,32.4198913852368,-85.4149519458428,-7.5,11,11_B,B
332,12-1-C,0.5557592885611965,32.4198913852368,-85.4149519458428,-12.5,11,11_C,C
333,12-1-D,0.5839276347097119,32.4198913852368,-85.4149519458428,-17.5,11,11_D,D
334,12-1-E,0.5882494025874504,32.4198913852368,-85.4149519458428,-22.5,11,11_E,E
335,12-1-F,0.3247808814569088,32.4198913852368,-85.4149519458428,-27.5,11,11_F,F
336,12-2-A,1.5968845142753885,32.4198913852368,-85.4149519458428,-2.5,11,11_A,A
337,12-2-B,0.6350773826072834,32.4198913852368,-85.4149519458428,-7.5,11,11_B,B
338,12-2-C,0.4811759835691859,32.4198913852368,-85.4149519458428,-12.5,11,11_C,C
339,12-2-D,0.3973052673850478,32.4198913852368,-85.4149519458428,-17.5,11,11_D,D
340,12-2-E,0.3901133014194731,32.4198913852368,-85.4149519458428,-22.5,11,11_E,E
341,12-2-F,0.32556096686159836,32.4198913852368,-85.4149519458428,-27.5,11,11_F,F
342,12-3-A,0.6273687914015633,32.4198913852368,-85.4149519458428,-2.5,11,11_A,A
343,12-3-B,0.3826146593583967,32.4198913852368,-85.4149519458428,-7.5,11,11_B,B
344,12-3-C,0.3662260012501674,32.4198913852368,-85.4149519458428,-12.5,11,11_C,C
345,12-3-D,0.32508521892625863,32.4198913852368,-85.4149519458428,-17.5,11,11_D,D
346,12-3-E,0.33456659679556683,32.4198913852368,-85.4149519458428,-22.5,11,11_E,E
347,12-3-F,0.2749195953158268,32.4198913852368,-85.4149519458428,-27.5,11,11_F,F
348,12-4-A,0.9805805086935825,32.4198913852368,-85.4149519458428,-2.5,11,11_A,A
349,12-4-B,0.7335529648351649,32.4198913852368,-85.4149519458428,-7.5,11,11_B,B
350,12-4-C,0.5345095399835121,32.4198913852368,-85.4149519458428,-12.5,11,11_C,C
351,12-4-D,0.54777909568602,32.4198913852368,-85.4149519458428,-17.5,11,11_D,D
352,12-4-E,0.5320289145329967,32.4198913852368,-85.4149519458428,-22.5,11,11_E,E
353,12-4-F,0.503293366218484,32.4198913852368,-85.4149519458428,-27.5,11,11_F,F
354,12-5-A,0.7730720461538463,32.4198913852368,-85.4149519458428,-2.5,11,11_A,A
355,12-5-B,0.37951563275172506,32.4198913852368,-85.4149519458428,-7.5,11,11_B,B
356,12-5-C,0.35258286273327977,32.4198913852368,-85.4149519458428,-12.5,11,11_C,C
357,12-5-D,0.21948702876670848,32.4198913852368,-85.4149519458428,-17.5,11,11_D,D
358,12-5-E,0.32788425226586104,32.4198913852368,-85.4149519458428,-22.5,11,11_E,E
359,12-5-F,0.3423434675599919,32.4198913852368,-85.4149519458428,-27.5,11,11_F,F
360,13-1-A,1.013856959029964,32.4241909163785,-85.4183566540778,-2.5,12,12_A,A
361,13-1-B,0.5948123725046899,32.4241909163785,-85.4183566540778,-7.5,12,12_B,B
362,13-1-C,0.4567114298752367,32.4241909163785,-85.4183566540778,-12.5,12,12_C,C
363,13-1-D,0.39639120329719557,32.4241909163785,-85.4183566540778,-17.5,12,12_D,D
364,13-1-E,0.3227705311484052,32.4241909163785,-85.4183566540778,-22.5,12,12_E,E
365,13-1-F,0.5324313744027765,32.4241909163785,-85.4183566540778,-27.5,12,12_F,F
366,13-2-A,0.8352821553365902,32.4241909163785,-85.4183566540778,-2.5,12,12_A,A
367,13-2-B,0.582469598271555,32.4241909163785,-85.4183566540778,-7.5,12,12_B,B
368,13-2-C,0.592915332947499,32.4241909163785,-85.4183566540778,-12.5,12,12_C,C
369,13-2-D,0.5947835735061127,32.4241909163785,-85.4183566540778,-17.5,12,12_D,D
370,13-2-E,0.6809670109184329,32.4241909163785,-85.4183566540778,-22.5,12,12_E,E
371,13-2-F,0.515369596997425,32.4241909163785,-85.4183566540778,-27.5,12,12_F,F
372,13-3-A,1.2673667339137205,32.4241909163785,-85.4183566540778,-2.5,12,12_A,A
373,13-3-B,0.7506969334926324,32.4241909163785,-85.4183566540778,-7.5,12,12_B,B
374,13-3-C,0.459364709442167,32.4241909163785,-85.4183566540778,-12.5,12,12_C,C
375,13-3-D,0.34424100221593273,32.4241909163785,-85.4183566540778,-17.5,12,12_D,D
376,13-3-E,0.24954967813856735,32.4241909163785,-85.4183566540778,-22.5,12,12_E,E
377,13-3-F,0.14284368239863224,32.4241909163785,-85.4183566540778,-27.5,12,12_F,F
378,13-4-A,0.8040271170460026,32.4241909163785,-85.4183566540778,-2.5,12,12_A,A
379,13-4-B,0.48881222237043964,32.4241909163785,-85.4183566540778,-7.5,12,12_B,B
380,13-4-C,0.5129356470114711,32.4241909163785,-85.4183566540778,-12.5,12,12_C,C
381,13-4-D,0.5238930093165786,32.4241909163785,-85.4183566540778,-17.5,12,12_D,D
382,13-4-E,0.31698731195617147,32.4241909163785,-85.4183566540778,-22.5,12,12_E,E
383,13-4-F,0.2018104906024943,32.4241909163785,-85.4183566540778,-27.5,12,12_F,F
384,13-5-A,0.8500894912075029,32.4241909163785,-85.4183566540778,-2.5,12,12_A,A
385,13-5-B,0.7212023772127862,32.4241909163785,-85.4183566540778,-7.5,12,12_B,B
386,13-5-C,0.4408370851667558,32.4241909163785,-85.4183566540778,-12.5,12,12_C,C
387,13-5-D,0.545285915842839,32.4241909163785,-85.4183566540778,-17.5,12,12_D,D
388,13-5-E,0.4726875623073719,32.4241909163785,-85.4183566540778,-22.5,12,12_E,E
389,13-5-F,0.27847558671784345,32.4241909163785,-85.4183566540778,-27.5,12,12_F,F
390,14-1-A,0.6278165598924416,32.4232332655168,-85.4177935278981,-2.5,13,13_A,A
391,14-1-B,0.3528193074119356,32.4232332655168,-85.4177935278981,-7.5,13,13_B,B
392,14-1-C,0.2651920414909623,32.4232332655168,-85.4177935278981,-12.5,13,13_C,C
393,14-1-D,0.24812323578818682,32.4232332655168,-85.4177935278981,-17.5,13,13_D,D
394,14-1-E,0.2669016178813174,32.4232332655168,-85.4177935278981,-22.5,13,13_E,E
395,14-1-F,0.1962235769363837,32.4232332655168,-85.4177935278981,-27.5,13,13_F,F
396,14-2-A,0.8224813579986062,32.4232332655168,-85.4177935278981,-2.5,13,13_A,A
397,14-2-B,0.3656696900076209,32.4232332655168,-85.4177935278981,-7.5,13,13_B,B
398,14-2-C,0.32249501691523325,32.4232332655168,-85.4177935278981,-12.5,13,13_C,C
399,14-2-D,0.28418363271797,32.4232332655168,-85.4177935278981,-17.5,13,13_D,D
400,14-2-E,0.33489010589202894,32.4232332655168,-85.4177935278981,-22.5,13,13_E,E
401,14-2-F,0.24826144362364824,32.4232332655168,-85.4177935278981,-27.5,13,13_F,F
402,14-3-A,0.7125713752167645,32.4232332655168,-85.4177935278981,-2.5,13,13_A,A
403,14-3-B,0.4196397938079663,32.4232332655168,-85.4177935278981,-7.5,13,13_B,B
404,14-3-C,0.3291783450221507,32.4232332655168,-85.4177935278981,-12.5,13,13_C,C
405,14-3-D,0.7913862788827662,32.4232332655168,-85.4177935278981,-17.5,13,13_D,D
406,14-3-E,1.3080231958315238,32.4232332655168,-85.4177935278981,-22.5,13,13_E,E
407,14-3-F,0.8302431582398538,32.4232332655168,-85.4177935278981,-27.5,13,13_F,F
408,14-4-A,0.4248553601091177,32.4232332655168,-85.4177935278981,-2.5,13,13_A,A
409,14-4-B,0.2699917280187573,32.4232332655168,-85.4177935278981,-7.5,13,13_B,B
410,14-4-C,0.2703692950110545,32.4232332655168,-85.4177935278981,-12.5,13,13_C,C
411,14-4-D,0.2991774117335389,32.4232332655168,-85.4177935278981,-17.5,13,13_D,D
412,14-4-E,0.2805598835441854,32.4232332655168,-85.4177935278981,-22.5,13,13_E,E
413,14-4-F,0.16500042941650983,32.4232332655168,-85.4177935278981,-27.5,13,13_F,F
414,14-5-A,0.6261961987975581,32.4232332655168,-85.4177935278981,-2.5,13,13_A,A
415,14-5-B,0.397493114889516,32.4232332655168,-85.4177935278981,-7.5,13,13_B,B
416,14-5-C,0.38131810624603396,32.4232332655168,-85.4177935278981,-12.5,13,13_C,C
417,14-5-D,0.2462898159032705,32.4232332655168,-85.4177935278981,-17.5,13,13_D,D
418,14-5-E,0.18361549443207126,32.4232332655168,-85.4177935278981,-22.5,13,13_E,E
419,14-5-F,0.20937932929051853,32.4232332655168,-85.4177935278981,-27.5,13,13_F,F
420,15-1-A,0.9276550063243104,32.422262700674,-85.4172988014517,-2.5,14,14_A,A
421,15-1-B,0.6332017286698357,32.422262700674,-85.4172988014517,-7.5,14,14_B,B
422,15-1-C,0.22926624356939404,32.422262700674,-85.4172988014517,-12.5,14,14_C,C
423,15-1-D,0.4165478419890001,32.422262700674,-85.4172988014517,-17.5,14,14_D,D
424,15-1-E,0.3933389211217079,32.422262700674,-85.4172988014517,-22.5,14,14_E,E
425,15-1-F,0.2604568803360889,32.422262700674,-85.4172988014517,-27.5,14,14_F,F
426,15-2-A,0.9734776559763573,32.422262700674,-85.4172988014517,-2.5,14,14_A,A
427,15-2-B,0.5538268762136439,32.422262700674,-85.4172988014517,-7.5,14,14_B,B
428,15-2-C,0.3779305617325728,32.422262700674,-85.4172988014517,-12.5,14,14_C,C
429,15-2-D,0.35487407790620135,32.422262700674,-85.4172988014517,-17.5,14,14_D,D
430,15-2-E,0.24535468953943687,32.422262700674,-85.4172988014517,-22.5,14,14_E,E
431,15-2-F,0.20129920797109382,32.422262700674,-85.4172988014517,-27.5,14,14_F,F
432,15-3-A,0.6712021924186692,32.422262700674,-85.4172988014517,-2.5,14,14_A,A
433,15-3-B,0.42447492542125176,32.422262700674,-85.4172988014517,-7.5,14,14_B,B
434,15-3-C,0.2815515603138962,32.422262700674,-85.4172988014517,-12.5,14,14_C,C
435,15-3-D,0.29851963114573704,32.422262700674,-85.4172988014517,-17.5,14,14_D,D
436,15-3-E,0.19129500306835343,32.422262700674,-85.4172988014517,-22.5,14,14_E,E
437,15-3-F,0.2257588940442722,32.422262700674,-85.4172988014517,-27.5,14,14_F,F
438,15-4-A,0.999614562460781,32.422262700674,-85.4172988014517,-2.5,14,14_A,A
439,15-4-B,0.6165987689154157,32.422262700674,-85.4172988014517,-7.5,14,14_B,B
440,15-4-C,0.2994749263690262,32.422262700674,-85.4172988014517,-12.5,14,14_C,C
441,15-4-D,0.2077721628213579,32.422262700674,-85.4172988014517,-17.5,14,14_D,D
442,15-4-E,0.3326095979747926,32.422262700674,-85.4172988014517,-22.5,14,14_E,E
443,15-4-F,0.11440752253652473,32.422262700674,-85.4172988014517,-27.5,14,14_F,F
444,15-5-A,0.7707499548343169,32.422262700674,-85.4172988014517,-2.5,14,14_A,A
445,15-5-B,0.38759038797123546,32.422262700674,-85.4172988014517,-7.5,14,14_B,B
446,15-5-C,0.3495405158362302,32.422262700674,-85.4172988014517,-12.5,14,14_C,C
447,15-5-D,0.283453615867016,32.422262700674,-85.4172988014517,-17.5,14,14_D,D
448,15-5-E,0.18234616229618048,32.422262700674,-85.4172988014517,-22.5,14,14_E,E
449,15-5-F,0.19274674697687247,32.422262700674,-85.4172988014517,-27.5,14,14_F,F
450,16-1-A,1.0556583350935245,32.4213382820685,-85.4168006135961,-2.5,15,15_A,A
451,16-1-B,0.3464904035275254,32.4213382820685,-85.4168006135961,-7.5,15,15_B,B
452,16-1-C,0.39036946329806876,32.4213382820685,-85.4168006135961,-12.5,15,15_C,C
453,16-1-D,0.352437269808056,32.4213382820685,-85.4168006135961,-17.5,15,15_D,D
454,16-1-E,0.21548725472620972,32.4213382820685,-85.4168006135961,-22.5,15,15_E,E
455,16-1-F,0.27659823035705816,32.4213382820685,-85.4168006135961,-27.5,15,15_F,F
456,16-2-A,1.0736710668900928,32.4213382820685,-85.4168006135961,-2.5,15,15_A,A
457,16-2-B,0.5664947986539539,32.4213382820685,-85.4168006135961,-7.5,15,15_B,B
458,16-2-C,0.4375667290370306,32.4213382820685,-85.4168006135961,-12.5,15,15_C,C
459,16-2-D,0.4891948815594289,32.4213382820685,-85.4168006135961,-17.5,15,15_D,D
460,16-2-E,0.494665423198425,32.4213382820685,-85.4168006135961,-22.5,15,15_E,E
461,16-2-F,0.47440071478341644,32.4213382820685,-85.4168006135961,-27.5,15,15_F,F
462,16-3-A,0.8038387896019495,32.4213382820685,-85.4168006135961,-2.5,15,15_A,A
463,16-3-B,0.6955537009155647,32.4213382820685,-85.4168006135961,-7.5,15,15_B,B
464,16-3-C,0.4193002265158371,32.4213382820685,-85.4168006135961,-12.5,15,15_C,C
465,16-3-D,0.28355082059198605,32.4213382820685,-85.4168006135961,-17.5,15,15_D,D
466,16-3-E,0.21299905534287808,32.4213382820685,-85.4168006135961,-22.5,15,15_E,E
467,16-3-F,0.2262702364438141,32.4213382820685,-85.4168006135961,-27.5,15,15_F,F
468,16-4-A,0.6736213650392107,32.4213382820685,-85.4168006135961,-2.5,15,15_A,A
469,16-4-B,0.38411616581678937,32.4213382820685,-85.4168006135961,-7.5,15,15_B,B
470,16-4-C,0.41662271179520677,32.4213382820685,-85.4168006135961,-12.5,15,15_C,C
471,16-4-D,0.30028955891073295,32.4213382820685,-85.4168006135961,-17.5,15,15_D,D
472,16-4-E,0.2594455369353793,32.4213382820685,-85.4168006135961,-22.5,15,15_E,E
473,16-4-F,0.24946302077631252,32.4213382820685,-85.4168006135961,-27.5,15,15_F,F
474,16-5-A,1.1611609646560275,32.4213382820685,-85.4168006135961,-2.5,15,15_A,A
475,16-5-B,0.6372586563948732,32.4213382820685,-85.4168006135961,-7.5,15,15_B,B
476,16-5-C,0.5998925374093496,32.4213382820685,-85.4168006135961,-12.5,15,15_C,C
477,16-5-D,0.2673321555053123,32.4213382820685,-85.4168006135961,-17.5,15,15_D,D
478,16-5-E,0.21772873294117648,32.4213382820685,-85.4168006135961,-22.5,15,15_E,E
479,16-5-F,0.18913905038759693,32.4213382820685,-85.4168006135961,-27.5,15,15_F,F
480,17-1-A,0.8464092404036593,32.4209783305179,-85.4160948513055,-2.5,16,16_A,A
481,17-1-B,0.5504870176983657,32.4209783305179,-85.4160948513055,-7.5,16,16_B,B
482,17-1-C,0.3892136550847829,32.4209783305179,-85.4160948513055,-12.5,16,16_C,C
483,17-1-D,0.3433586274891354,32.4209783305179,-85.4160948513055,-17.5,16,16_D,D
484,17-1-E,0.400661028235855,32.4209783305179,-85.4160948513055,-22.5,16,16_E,E
485,17-1-F,0.468612608146099,32.4209783305179,-85.4160948513055,-27.5,16,16_F,F
486,17-2-A,0.5596868951202807,32.4209783305179,-85.4160948513055,-2.5,16,16_A,A
487,17-2-B,0.5879486196630134,32.4209783305179,-85.4160948513055,-7.5,16,16_B,B
488,17-2-C,0.5435512180828425,32.4209783305179,-85.4160948513055,-12.5,16,16_C,C
489,17-2-D,0.5329036623735461,32.4209783305179,-85.4160948513055,-17.5,16,16_D,D
490,17-2-E,0.4582379096441947,32.4209783305179,-85.4160948513055,-22.5,16,16_E,E
491,17-2-F,0.3346432234977616,32.4209783305179,-85.4160948513055,-27.5,16,16_F,F
492,17-3-A,0.6152613939131624,32.4209783305179,-85.4160948513055,-2.5,16,16_A,A
493,17-3-B,0.47516900520506145,32.4209783305179,-85.4160948513055,-7.5,16,16_B,B
494,17-3-C,0.42288050315770476,32.4209783305179,-85.4160948513055,-12.5,16,16_C,C
495,17-3-D,0.27033539146327357,32.4209783305179,-85.4160948513055,-17.5,16,16_D,D
496,17-3-E,0.19609545766832495,32.4209783305179,-85.4160948513055,-22.5,16,16_E,E
497,17-3-F,0.22170995377773886,32.4209783305179,-85.4160948513055,-27.5,16,16_F,F
498,17-4-A,0.893512541474989,32.4209783305179,-85.4160948513055,-2.5,16,16_A,A
499,17-4-B,0.45272556027382377,32.4209783305179,-85.4160948513055,-7.5,16,16_B,B
500,17-4-C,0.3739812211532415,32.4209783305179,-85.4160948513055,-12.5,16,16_C,C
501,17-4-D,0.18090678536800348,32.4209783305179,-85.4160948513055,-17.5,16,16_D,D
502,17-4-E,0.23292131845445355,32.4209783305179,-85.4160948513055,-22.5,16,16_E,E
503,17-4-F,0.06507537902781603,32.4209783305179,-85.4160948513055,-27.5,16,16_F,F
504,17-5-A,0.6830297371705024,32.4209783305179,-85.4160948513055,-2.5,16,16_A,A
505,17-5-B,0.7210711660777385,32.4209783305179,-85.4160948513055,-7.5,16,16_B,B
506,17-5-C,0.5017598954471012,32.4209783305179,-85.4160948513055,-12.5,16,16_C,C
507,17-5-D,0.482786715621575,32.4209783305179,-85.4160948513055,-17.5,16,16_D,D
508,17-5-E,0.28379812570295837,32.4209783305179,-85.4160948513055,-22.5,16,16_E,E
509,17-5-F,0.3444985496378158,32.4209783305179,-85.4160948513055,-27.5,16,16_F,F
510,18-1-A,0.9653707804673536,32.423318112498,-85.4168802726855,-2.5,17,17_A,A
511,18-1-B,0.8348529764316136,32.423318112498,-85.4168802726855,-7.5,17,17_B,B
512,18-1-C,0.50716341104696,32.423318112498,-85.4168802726855,-12.5,17,17_C,C
513,18-1-D,0.7187887022574088,32.423318112498,-85.4168802726855,-17.5,17,17_D,D
514,18-1-E,0.415344208125629,32.423318112498,-85.4168802726855,-22.5,17,17_E,E
515,18-1-F,0.24241792981817356,32.423318112498,-85.4168802726855,-27.5,17,17_F,F
516,18-2-A,0.8427399437365548,32.423318112498,-85.4168802726855,-2.5,17,17_A,A
517,18-2-B,0.3774465592972182,32.423318112498,-85.4168802726855,-7.5,17,17_B,B
518,18-2-C,0.44842635815688964,32.423318112498,-85.4168802726855,-12.5,17,17_C,C
519,18-2-D,0.37108977401389975,32.423318112498,-85.4168802726855,-17.5,17,17_D,D
520,18-2-E,0.3784173244236553,32.423318112498,-85.4168802726855,-22.5,17,17_E,E
521,18-2-F,0.26613923423111546,32.423318112498,-85.4168802726855,-27.5,17,17_F,F
522,18-3-A,0.6611370397367083,32.423318112498,-85.4168802726855,-2.5,17,17_A,A
523,18-3-B,0.5532916588848158,32.423318112498,-85.4168802726855,-7.5,17,17_B,B
524,18-3-C,0.41421283790523694,32.423318112498,-85.4168802726855,-12.5,17,17_C,C
525,18-3-D,0.5158298165163472,32.423318112498,-85.4168802726855,-17.5,17,17_D,D
526,18-3-E,0.3087174832419547,32.423318112498,-85.4168802726855,-22.5,17,17_E,E
527,18-3-F,0.36085111436337025,32.423318112498,-85.4168802726855,-27.5,17,17_F,F
528,18-4-A,0.8210121542186286,32.423318112498,-85.4168802726855,-2.5,17,17_A,A
529,18-4-B,0.6352913964840099,32.423318112498,-85.4168802726855,-7.5,17,17_B,B
530,18-4-C,0.4965436615647064,32.423318112498,-85.4168802726855,-12.5,17,17_C,C
531,18-4-D,0.653901453376206,32.423318112498,-85.4168802726855,-17.5,17,17_D,D
532,18-4-E,0.3242582075336673,32.423318112498,-85.4168802726855,-22.5,17,17_E,E
533,18-4-F,0.1862510264760017,32.423318112498,-85.4168802726855,-27.5,17,17_F,F
534,18-5-A,1.0429193818628848,32.423318112498,-85.4168802726855,-2.5,17,17_A,A
535,18-5-B,1.3024028901302231,32.423318112498,-85.4168802726855,-7.5,17,17_B,B
536,18-5-C,0.8548534954290299,32.423318112498,-85.4168802726855,-12.5,17,17_C,C
537,18-5-D,0.6184132322734945,32.423318112498,-85.4168802726855,-17.5,17,17_D,D
538,18-5-E,0.6768273534857779,32.423318112498,-85.4168802726855,-22.5,17,17_E,E
539,18-5-F,0.46749089903520097,32.423318112498,-85.4168802726855,-27.5,17,17_F,F
540,19-1-A,0.6060425657715466,32.4223325051524,-85.4163908420757,-2.5,18,18_A,A
541,19-1-B,0.5412897450349026,32.4223325051524,-85.4163908420757,-7.5,18,18_B,B
542,19-1-C,0.3541821473892929,32.4223325051524,-85.4163908420757,-12.5,18,18_C,C
543,19-1-D,0.3944098435810441,32.4223325051524,-85.4163908420757,-17.5,18,18_D,D
544,19-1-E,0.27559161940298516,32.4223325051524,-85.4163908420757,-22.5,18,18_E,E
545,19-1-F,0.1711512477132724,32.4223325051524,-85.4163908420757,-27.5,18,18_F,F
546,19-2-A,0.7619378570649323,32.4223325051524,-85.4163908420757,-2.5,18,18_A,A
547,19-2-B,0.7028939330118598,32.4223325051524,-85.4163908420757,-7.5,18,18_B,B
548,19-2-C,0.587358198986642,32.4223325051524,-85.4163908420757,-12.5,18,18_C,C
549,19-2-D,0.4725712822085889,32.4223325051524,-85.4163908420757,-17.5,18,18_D,D
550,19-2-E,0.3201878590080826,32.4223325051524,-85.4163908420757,-22.5,18,18_E,E
551,19-2-F,0.24973561836308839,32.4223325051524,-85.4163908420757,-27.5,18,18_F,F
552,19-3-A,0.690273365849232,32.4223325051524,-85.4163908420757,-2.5,18,18_A,A
553,19-3-B,0.4130076219309581,32.4223325051524,-85.4163908420757,-7.5,18,18_B,B
554,19-3-C,0.5196392160553372,32.4223325051524,-85.4163908420757,-12.5,18,18_C,C
555,19-3-D,0.41422415193078704,32.4223325051524,-85.4163908420757,-17.5,18,18_D,D
556,19-3-E,0.3257782624024961,32.4223325051524,-85.4163908420757,-22.5,18,18_E,E
557,19-3-F,0.1372628699867783,32.4223325051524,-85.4163908420757,-27.5,18,18_F,F
558,19-4-A,0.8880714074555311,32.4223325051524,-85.4163908420757,-2.5,18,18_A,A
559,19-4-B,0.6443691257026376,32.4223325051524,-85.4163908420757,-7.5,18,18_B,B
560,19-4-C,0.5306320665114731,32.4223325051524,-85.4163908420757,-12.5,18,18_C,C
561,19-4-D,0.35623185402875573,32.4223325051524,-85.4163908420757,-17.5,18,18_D,D
562,19-4-E,0.39193479622259697,32.4223325051524,-85.4163908420757,-22.5,18,18_E,E
563,19-4-F,0.40086608746405755,32.4223325051524,-85.4163908420757,-27.5,18,18_F,F
564,19-5-A,0.9862939802908578,32.4223325051524,-85.4163908420757,-2.5,18,18_A,A
565,19-5-B,0.609624392697356,32.4223325051524,-85.4163908420757,-7.5,18,18_B,B
566,19-5-C,0.615751355571863,32.4223325051524,-85.4163908420757,-12.5,18,18_C,C
567,19-5-D,0.5550247517498138,32.4223325051524,-85.4163908420757,-17.5,18,18_D,D
568,19-5-E,0.2708373418834896,32.4223325051524,-85.4163908420757,-22.5,18,18_E,E
569,19-5-F,0.20688026589906602,32.4223325051524,-85.4163908420757,-27.5,18,18_F,F
570,20-1-A,0.6129078558910757,32.424147113526,-85.4170571579065,-2.5,19,19_A,A
571,20-1-B,0.4814417044334975,32.424147113526,-85.4170571579065,-7.5,19,19_B,B
572,20-1-C,0.20978089877731856,32.424147113526,-85.4170571579065,-12.5,19,19_C,C
573,20-1-D,0.3034707007262937,32.424147113526,-85.4170571579065,-17.5,19,19_D,D
574,20-1-E,0.46121990208675606,32.424147113526,-85.4170571579065,-22.5,19,19_E,E
575,20-1-F,0.32235754827578583,32.424147113526,-85.4170571579065,-27.5,19,19_F,F
576,20-2-A,1.2729260684114423,32.424147113526,-85.4170571579065,-2.5,19,19_A,A
577,20-2-B,0.6185686617504835,32.424147113526,-85.4170571579065,-7.5,19,19_B,B
578,20-2-C,0.42630729323660194,32.424147113526,-85.4170571579065,-12.5,19,19_C,C
579,20-2-D,0.40354129726449445,32.424147113526,-85.4170571579065,-17.5,19,19_D,D
580,20-2-E,0.2292864526652313,32.424147113526,-85.4170571579065,-22.5,19,19_E,E
581,20-2-F,0.2130785758489747,32.424147113526,-85.4170571579065,-27.5,19,19_F,F
582,20-3-A,1.1953947932887508,32.424147113526,-85.4170571579065,-2.5,19,19_A,A
583,20-3-B,0.8173981760246126,32.424147113526,-85.4170571579065,-7.5,19,19_B,B
584,20-3-C,0.831147789204618,32.424147113526,-85.4170571579065,-12.5,19,19_C,C
585,20-3-D,0.5690132804517098,32.424147113526,-85.4170571579065,-17.5,19,19_D,D
586,20-3-E,0.43812335764267546,32.424147113526,-85.4170571579065,-22.5,19,19_E,E
587,20-3-F,0.28140427220612185,32.424147113526,-85.4170571579065,-27.5,19,19_F,F
588,20-4-A,0.45275853104594566,32.424147113526,-85.4170571579065,-2.5,19,19_A,A
589,20-4-B,0.3347850337798745,32.424147113526,-85.4170571579065,-7.5,19,19_B,B
590,20-4-C,0.2540423503658688,32.424147113526,-85.4170571579065,-12.5,19,19_C,C
591,20-4-D,0.2991455908092037,32.424147113526,-85.4170571579065,-17.5,19,19_D,D
592,20-4-E,0.2316992697856649,32.424147113526,-85.4170571579065,-22.5,19,19_E,E
593,20-4-F,0.2984533760034715,32.424147113526,-85.4170571579065,-27.5,19,19_F,F
594,20-5-A,0.6991280755202748,32.424147113526,-85.4170571579065,-2.5,19,19_A,A
595,20-5-B,0.3478725115099087,32.424147113526,-85.4170571579065,-7.5,19,19_B,B
596,20-5-C,0.3669969090252093,32.424147113526,-85.4170571579065,-12.5,19,19_C,C
597,20-5-D,0.28987912954070255,32.424147113526,-85.4170571579065,-17.5,19,19_D,D
598,20-5-E,0.43167495890410956,32.424147113526,-85.4170571579065,-22.5,19,19_E,E
599,20-5-F,0.44023309612714084,32.424147113526,-85.4170571579065,-27.5,19,19_F,F
600,21-1-A,0.6056622386925836,32.4217842180783,-85.4156586292736,-2.5,20,20_A,A
601,21-1-B,0.3423957823118117,32.4217842180783,-85.4156586292736,-7.5,20,20_B,B
602,21-1-C,0.31598890444930705,32.4217842180783,-85.4156586292736,-12.5,20,20_C,C
603,21-1-D,0.18054816899839313,32.4217842180783,-85.4156586292736,-17.5,20,20_D,D
604,21-1-E,0.07927774948258795,32.4217842180783,-85.4156586292736,-22.5,20,20_E,E
605,21-1-F,0.08603218732153053,32.4217842180783,-85.4156586292736,-27.5,20,20_F,F
606,21-2-A,1.2438612857052698,32.4217842180783,-85.4156586292736,-2.5,20,20_A,A
607,21-2-B,0.5376107621994959,32.4217842180783,-85.4156586292736,-7.5,20,20_B,B
608,21-2-C,0.4818284160921143,32.4217842180783,-85.4156586292736,-12.5,20,20_C,C
609,21-2-D,0.41175984535690313,32.4217842180783,-85.4156586292736,-17.5,20,20_D,D
610,21-2-E,0.23690968994551756,32.4217842180783,-85.4156586292736,-22.5,20,20_E,E
611,21-2-F,0.15633542351694915,32.4217842180783,-85.4156586292736,-27.5,20,20_F,F
612,21-3-A,0.504524076103152,32.4217842180783,-85.4156586292736,-2.5,20,20_A,A
613,21-3-B,0.15909679390386874,32.4217842180783,-85.4156586292736,-7.5,20,20_B,B
614,21-3-C,0.17208787079261667,32.4217842180783,-85.4156586292736,-12.5,20,20_C,C
615,21-3-D,0.158309603667958,32.4217842180783,-85.4156586292736,-17.5,20,20_D,D
616,21-3-E,0.13870377974527726,32.4217842180783,-85.4156586292736,-22.5,20,20_E,E
617,21-3-F,0.10007541368122211,32.4217842180783,-85.4156586292736,-27.5,20,20_F,F
618,21-4-A,0.9146470389383781,32.4217842180783,-85.4156586292736,-2.5,20,20_A,A
619,21-4-B,0.648840201084278,32.4217842180783,-85.4156586292736,-7.5,20,20_B,B
620,21-4-C,0.48317075757575756,32.4217842180783,-85.4156586292736,-12.5,20,20_C,C
621,21-4-D,0.5345662479347596,32.4217842180783,-85.4156586292736,-17.5,20,20_D,D
622,21-4-E,0.2955064583660204,32.4217842180783,-85.4156586292736,-22.5,20,20_E,E
623,21-4-F,0.31944125252525246,32.4217842180783,-85.4156586292736,-27.5,20,20_F,F
624,21-5-A,0.9827751720144751,32.4217842180783,-85.4156586292736,-2.5,20,20_A,A
625,21-5-B,0.6909405801298761,32.4217842180783,-85.4156586292736,-7.5,20,20_B,B
626,21-5-C,0.5153951340206185,32.4217842180783,-85.4156586292736,-12.5,20,20_C,C
627,21-5-D,0.4246646500095976,32.4217842180783,-85.4156586292736,-17.5,20,20_D,D
628,21-5-E,0.15130990117858345,32.4217842180783,-85.4156586292736,-22.5,20,20_E,E
629,21-5-F,0.10639428240783948,32.4217842180783,-85.4156586292736,-27.5,20,20_F,F
630,22-1-A,0.5558973115105541,32.4232110459958,-85.4158969346779,-2.5,21,21_A,A
631,22-1-B,0.4150959759021954,32.4232110459958,-85.4158969346779,-7.5,21,21_B,B
632,22-1-C,0.20169848404077134,32.4232110459958,-85.4158969346779,-12.5,21,21_C,C
633,22-1-D,0.18611058540446415,32.4232110459958,-85.4158969346779,-17.5,21,21_D,D
634,22-1-E,0.20293092182258662,32.4232110459958,-85.4158969346779,-22.5,21,21_E,E
635,22-1-F,0.1622024144895015,32.4232110459958,-85.4158969346779,-27.5,21,21_F,F
636,22-2-A,0.523671014985153,32.4232110459958,-85.4158969346779,-2.5,21,21_A,A
637,22-2-B,0.3686997076763723,32.4232110459958,-85.4158969346779,-7.5,21,21_B,B
638,22-2-C,0.33483987249566904,32.4232110459958,-85.4158969346779,-12.5,21,21_C,C
639,22-2-D,0.2255497907372488,32.4232110459958,-85.4158969346779,-17.5,21,21_D,D
640,22-2-E,0.2854714333740002,32.4232110459958,-85.4158969346779,-22.5,21,21_E,E
641,22-2-F,0.26104921030552314,32.4232110459958,-85.4158969346779,-27.5,21,21_F,F
642,22-3-A,0.6827817127659576,32.4232110459958,-85.4158969346779,-2.5,21,21_A,A
643,22-3-B,0.32240759852216744,32.4232110459958,-85.4158969346779,-7.5,21,21_B,B
644,22-3-C,0.43203407380209297,32.4232110459958,-85.4158969346779,-12.5,21,21_C,C
645,22-3-D,0.26140906979346146,32.4232110459958,-85.4158969346779,-17.5,21,21_D,D
646,22-3-E,0.1785863440280399,32.4232110459958,-85.4158969346779,-22.5,21,21_E,E
647,22-3-F,0.15069302787568092,32.4232110459958,-85.4158969346779,-27.5,21,21_F,F
648,22-4-A,0.8023581592399908,32.4232110459958,-85.4158969346779,-2.5,21,21_A,A
649,22-4-B,0.7458785470799376,32.4232110459958,-85.4158969346779,-7.5,21,21_B,B
650,22-4-C,0.6391403333640298,32.4232110459958,-85.4158969346779,-12.5,21,21_C,C
651,22-4-D,0.6150840940348344,32.4232110459958,-85.4158969346779,-17.5,21,21_D,D
652,22-4-E,0.31727991473795286,32.4232110459958,-85.4158969346779,-22.5,21,21_E,E
653,22-4-F,0.18256155259703735,32.4232110459958,-85.4158969346779,-27.5,21,21_F,F
654,22-5-A,0.6391356267354658,32.4232110459958,-85.4158969346779,-2.5,21,21_A,A
655,22-5-B,1.0344257971092559,32.4232110459958,-85.4158969346779,-7.5,21,21_B,B
656,22-5-C,0.7308150053200293,32.4232110459958,-85.4158969346779,-12.5,21,21_C,C
657,22-5-D,0.7658042022166223,32.4232110459958,-85.4158969346779,-17.5,21,21_D,D
658,22-5-E,0.5662464435005679,32.4232110459958,-85.4158969346779,-22.5,21,21_E,E
659,22-5-F,0.2602718167314379,32.4232110459958,-85.4158969346779,-27.5,21,21_F,F
660,23-1-A,0.41433544678569956,32.4225993082076,-85.4151207030682,-2.5,22,22_A,A
661,23-1-B,0.2963715223307746,32.4225993082076,-85.4151207030682,-7.5,22,22_B,B
662,23-1-C,0.3466807740738196,32.4225993082076,-85.4151207030682,-12.5,22,22_C,C
663,23-1-D,0.24593552005815275,32.4225993082076,-85.4151207030682,-17.5,22,22_D,D
664,23-1-E,0.27543450604297226,32.4225993082076,-85.4151207030682,-22.5,22,22_E,E
665,23-1-F,0.26270006158684395,32.4225993082076,-85.4151207030682,-27.5,22,22_F,F
666,23-2-A,1.211454567701755,32.4225993082076,-85.4151207030682,-2.5,22,22_A,A
667,23-2-B,0.7972744425867718,32.4225993082076,-85.4151207030682,-7.5,22,22_B,B
668,23-2-C,0.7549446572438165,32.4225993082076,-85.4151207030682,-12.5,22,22_C,C
669,23-2-D,0.7322233476008906,32.4225993082076,-85.4151207030682,-17.5,22,22_D,D
670,23-2-E,0.7034830050534454,32.4225993082076,-85.4151207030682,-22.5,22,22_E,E
671,23-2-F,0.3279144150642092,32.4225993082076,-85.4151207030682,-27.5,22,22_F,F
672,23-3-A,1.246203903233049,32.4225993082076,-85.4151207030682,-2.5,22,22_A,A
673,23-3-B,0.9431668492836152,32.4225993082076,-85.4151207030682,-7.5,22,22_B,B
674,23-3-C,0.9915110615218565,32.4225993082076,-85.4151207030682,-12.5,22,22_C,C
675,23-3-D,0.7427066519010707,32.4225993082076,-85.4151207030682,-17.5,22,22_D,D
676,23-3-E,0.4502529823287803,32.4225993082076,-85.4151207030682,-22.5,22,22_E,E
677,23-3-F,0.2621826616793828,32.4225993082076,-85.4151207030682,-27.5,22,22_F,F
678,23-4-A,0.83987547717607,32.4225993082076,-85.4151207030682,-2.5,22,22_A,A
679,23-4-B,0.40934387573631226,32.4225993082076,-85.4151207030682,-7.5,22,22_B,B
680,23-4-C,0.4803388962682734,32.4225993082076,-85.4151207030682,-12.5,22,22_C,C
681,23-4-D,0.4125576892112422,32.4225993082076,-85.4151207030682,-17.5,22,22_D,D
682,23-4-E,0.19390879902603486,32.4225993082076,-85.4151207030682,-22.5,22,22_E,E
683,23-4-F,0.18823647610693012,32.4225993082076,-85.4151207030682,-27.5,22,22_F,F
684,23-5-A,0.7726118118191457,32.4225993082076,-85.4151207030682,-2.5,22,22_A,A
685,23-5-B,0.7323264166975425,32.4225993082076,-85.4151207030682,-7.5,22,22_B,B
686,23-5-C,0.5996506579431607,32.4225993082076,-85.4151207030682,-12.5,22,22_C,C
687,23-5-D,0.30579521878394306,32.4225993082076,-85.4151207030682,-17.5,22,22_D,D
688,23-5-E,0.26680118180564494,32.4225993082076,-85.4151207030682,-22.5,22,22_E,E
689,23-5-F,0.1722757010181454,32.4225993082076,-85.4151207030682,-27.5,22,22_F,F
690,24-1-A,0.927092881109552,32.4216180984696,-85.4147157436893,-2.5,23,23_A,A
691,24-1-B,1.1310578471079955,32.4216180984696,-85.4147157436893,-7.5,23,23_B,B
692,24-1-C,0.8516263992064597,32.4216180984696,-85.4147157436893,-12.5,23,23_C,C
693,24-1-D,0.7944611585277946,32.4216180984696,-85.4147157436893,-17.5,23,23_D,D
694,24-1-E,0.5321096707107703,32.4216180984696,-85.4147157436893,-22.5,23,23_E,E
695,24-1-F,0.3992555831807807,32.4216180984696,-85.4147157436893,-27.5,23,23_F,F
696,24-2-A,0.3982647881062747,32.4216180984696,-85.4147157436893,-2.5,23,23_A,A
697,24-2-B,0.3504930114029026,32.4216180984696,-85.4147157436893,-7.5,23,23_B,B
698,24-2-C,0.5431155239677037,32.4216180984696,-85.4147157436893,-12.5,23,23_C,C
699,24-2-D,0.49559056331692974,32.4216180984696,-85.4147157436893,-17.5,23,23_D,D
700,24-2-E,0.33579921326819473,32.4216180984696,-85.4147157436893,-22.5,23,23_E,E
701,24-2-F,0.18493135523190682,32.4216180984696,-85.4147157436893,-27.5,23,23_F,F
702,24-3-A,0.8159260024032684,32.4216180984696,-85.4147157436893,-2.5,23,23_A,A
703,24-3-B,0.8390947006450745,32.4216180984696,-85.4147157436893,-7.5,23,23_B,B
704,24-3-C,0.6438366355898567,32.4216180984696,-85.4147157436893,-12.5,23,23_C,C
705,24-3-D,0.5607724224636006,32.4216180984696,-85.4147157436893,-17.5,23,23_D,D
706,24-3-E,0.6172688253012049,32.4216180984696,-85.4147157436893,-22.5,23,23_E,E
707,24-3-F,0.4828051444790843,32.4216180984696,-85.4147157436893,-27.5,23,23_F,F
708,24-4-A,1.1254439681785904,32.4216180984696,-85.4147157436893,-2.5,23,23_A,A
709,24-4-B,0.658964882372997,32.4216180984696,-85.4147157436893,-7.5,23,23_B,B
710,24-4-C,0.6132471368676047,32.4216180984696,-85.4147157436893,-12.5,23,23_C,C
711,24-4-D,0.32694231758320175,32.4216180984696,-85.4147157436893,-17.5,23,23_D,D
712,24-4-E,0.2384257986595667,32.4216180984696,-85.4147157436893,-22.5,23,23_E,E
713,24-4-F,0.19953214435146438,32.4216180984696,-85.4147157436893,-27.5,23,23_F,F
714,24-5-A,1.0091148533144307,32.4216180984696,-85.4147157436893,-2.5,23,23_A,A
715,24-5-B,1.1792696663121767,32.4216180984696,-85.4147157436893,-7.5,23,23_B,B
716,24-5-C,0.7934297227471819,32.4216180984696,-85.4147157436893,-12.5,23,23_C,C
717,24-5-D,0.6506621752845908,32.4216180984696,-85.4147157436893,-17.5,23,23_D,D
718,24-5-E,0.31661791803926737,32.4216180984696,-85.4147157436893,-22.5,23,23_E,E
719,24-5-F,0.20406393990744678,32.4216180984696,-85.4147157436893,-27.5,23,23_F,F
720,25-1-A,0.8104730076504747,32.4238157010688,-85.415640876193,-2.5,24,24_A,A
721,25-1-B,0.9227743660293255,32.4238157010688,-85.415640876193,-7.5,24,24_B,B
722,25-1-C,0.758338119635947,32.4238157010688,-85.415640876193,-12.5,24,24_C,C
723,25-1-D,0.8194023179979532,32.4238157010688,-85.415640876193,-17.5,24,24_D,D
724,25-1-E,0.4185413509014022,32.4238157010688,-85.415640876193,-22.5,24,24_E,E
725,25-1-F,0.22654183954619128,32.4238157010688,-85.415640876193,-27.5,24,24_F,F
726,25-2-A,0.6939171517489378,32.4238157010688,-85.415640876193,-2.5,24,24_A,A
727,25-2-B,0.5773365569487984,32.4238157010688,-85.415640876193,-7.5,24,24_B,B
728,25-2-C,0.49614601269064296,32.4238157010688,-85.415640876193,-12.5,24,24_C,C
729,25-2-D,0.3132899182221112,32.4238157010688,-85.415640876193,-17.5,24,24_D,D
730,25-2-E,0.22956845686512758,32.4238157010688,-85.415640876193,-22.5,24,24_E,E
731,25-2-F,0.27407942923665385,32.4238157010688,-85.415640876193,-27.5,24,24_F,F
732,25-3-A,0.770355416861881,32.4238157010688,-85.415640876193,-2.5,24,24_A,A
733,25-3-B,0.7281812448373853,32.4238157010688,-85.415640876193,-7.5,24,24_B,B
734,25-3-C,0.7268655346889681,32.4238157010688,-85.415640876193,-12.5,24,24_C,C
735,25-3-D,0.32157716794431435,32.4238157010688,-85.415640876193,-17.5,24,24_D,D
736,25-3-E,0.5032290382855131,32.4238157010688,-85.415640876193,-22.5,24,24_E,E
737,25-3-F,0.45899615361841367,32.4238157010688,-85.415640876193,-27.5,24,24_F,F
738,25-4-A,0.4790434924977936,32.4238157010688,-85.415640876193,-2.5,24,24_A,A
739,25-4-B,0.7226918853633807,32.4238157010688,-85.415640876193,-7.5,24,24_B,B
740,25-4-C,0.7756249943659492,32.4238157010688,-85.415640876193,-12.5,24,24_C,C
741,25-4-D,0.5559767696020933,32.4238157010688,-85.415640876193,-17.5,24,24_D,D
742,25-4-E,0.5918474727384111,32.4238157010688,-85.415640876193,-22.5,24,24_E,E
743,25-4-F,0.5320141897035214,32.4238157010688,-85.415640876193,-27.5,24,24_F,F
744,25-5-A,0.8738240447307094,32.4238157010688,-85.415640876193,-2.5,24,24_A,A
745,25-5-B,0.5791196342498035,32.4238157010688,-85.415640876193,-7.5,24,24_B,B
746,25-5-C,0.6202515330873417,32.4238157010688,-85.415640876193,-12.5,24,24_C,C
747,25-5-D,0.37250611785756327,32.4238157010688,-85.415640876193,-17.5,24,24_D,D
748,25-5-E,0.05855871170951356,32.4238157010688,-85.415640876193,-22.5,24,24_E,E
749,25-5-F,0.20777198520097825,32.4238157010688,-85.415640876193,-27.5,24,24_F,F
