cell_id,Density
9000,2.4530399999999997
9001,2.4530399999999997
9002,2.4530399999999997
9003,2.4530399999999997
9004,2.4530399999999997
9005,2.4530399999999997
9006,2.4530399999999997
9007,2.4530399999999997
9008,2.4530399999999997
9009,2.4530399999999997
9010,2.4530399999999997
9011,2.4530399999999997
9012,2.4530399999999997
9013,2.4530399999999997
9014,2.4530399999999997
9015,2.4530399999999997
9016,2.4530399999999997
9017,2.4530399999999997
9018,2.4530399999999997
9019,2.4530399999999997
9020,2.4530399999999997
9021,2.4530399999999997
9022,2.4530399999999997
9023,2.4530399999999997
9024,2.4530399999999997
9025,2.4530399999999997
9026,2.4530399999999997
9027,2.4530399999999997
9028,2.4530399999999997
9029,2.4530399999999997
9030,2.4530399999999997
9031,2.4530399999999997
9032,2.4530399999999997
9033,2.4530399999999997
9034,2.4530399999999997
9035,2.4530399999999997
9036,2.4530399999999997
9037,2.4530399999999997
9038,2.4530399999999997
9039,2.4530399999999997
9040,2.4530399999999997
9041,2.4530399999999997
9042,2.4530399999999997
9043,2.4530399999999997
9044,2.4530399999999997
9045,2.4530399999999997
9046,2.4530399999999997
9047,2.4530399999999997
9048,2.4530399999999997
9049,2.4530399999999997
9050,2.4530399999999997
9051,2.4530399999999997
9052,2.4530399999999997
9053,2.4530399999999997
9054,2.4530399999999997
9055,2.4530399999999997
9056,2.4530399999999997
9057,2.4530399999999997
9058,2.4530399999999997
9059,2.4530399999999997
9060,2.4530399999999997
9061,2.4530399999999997
9062,2.4530399999999997
9063,2.4530399999999997
9064,2.4530399999999997
9065,2.4530399999999997
9066,2.4530399999999997
9067,2.4530399999999997
9068,2.4530399999999997
9069,2.4530399999999997
9070,2.4530399999999997
9071,2.4530399999999997
9072,2.4530399999999997
9073,2.4530399999999997
9074,2.4530399999999997
9075,2.4530399999999997
9076,2.4530399999999997
9077,2.4530399999999997
9078,2.4530399999999997
9079,2.4530399999999997
9080,2.4530399999999997
9081,2.4530399999999997
9082,2.4530399999999997
9083,2.4530399999999997
9084,2.4530399999999997
9085,2.4530399999999997
9086,2.4530399999999997
9087,2.4530399999999997
9088,2.4530399999999997
9089,2.4530399999999997
9090,2.4530399999999997
9091,2.4530399999999997
9092,2.4530399999999997
9093,2.4530399999999997
9094,2.4530399999999997
9095,2.4530399999999997
9096,2.4530399999999997
9097,2.4530399999999997
9098,2.4530399999999997
9099,2.4530399999999997
9100,2.4530399999999997
9101,2.4530399999999997
9102,2.4530399999999997
9103,2.4530399999999997
9104,2.4530399999999997
9105,2.4530399999999997
9106,2.4530399999999997
9107,2.4530399999999997
9108,2.4530399999999997
9109,2.4530399999999997
9110,2.4530399999999997
9111,2.4530399999999997
9112,2.4530399999999997
9113,2.4530399999999997
9114,2.4530399999999997
9115,2.4530399999999997
9116,2.4530399999999997
9117,2.4530399999999997
9118,2.4530399999999997
9119,2.4530399999999997
9120,2.4530399999999997
9121,2.4530399999999997
9122,2.4530399999999997
9123,2.4530399999999997
9124,2.4530399999999997
9125,2.4530399999999997
9126,2.4530399999999997
9127,2.4530399999999997
9128,2.4530399999999997
9129,2.4530399999999997
9130,2.4530399999999997
9131,2.4530399999999997
9132,2.4530399999999997
9133,2.4530399999999997
9134,2.4530399999999997
9135,2.4530399999999997
9136,2.4530399999999997
9137,2.4530399999999997
9138,2.4530399999999997
9139,2.4530399999999997
9140,2.4530399999999997
9141,2.4530399999999997
9142,2.4530399999999997
9143,2.4530399999999997
9144,2.4530399999999997
9145,2.4530399999999997
9146,2.4530399999999997
9147,2.4530399999999997
9148,2.4530399999999997
9149,2.4530399999999997
9150,2.4530399999999997
9151,2.4530399999999997
9152,2.4530399999999997
9153,2.4530399999999997
9154,2.4530399999999997
9155,2.4530399999999997
9156,2.4530399999999997
9157,2.4530399999999997
9158,2.4530399999999997
9159,2.4530399999999997
9160,2.4530399999999997
9161,2.4530399999999997
9162,2.4530399999999997
9163,2.4530399999999997
9164,2.4530399999999997
9165,2.4530399999999997
9166,2.4530399999999997
9167,2.4530399999999997
9168,2.4530399999999997
9169,2.4530399999999997
9170,2.4530399999999997
9171,2.4530399999999997
9172,2.4530399999999997
9173,2.4530399999999997
9174,2.4530399999999997
9175,2.4530399999999997
9176,2.4530399999999997
9177,2.4530399999999997
9178,2.4530399999999997
9179,2.4530399999999997
9180,2.4530399999999997
9181,2.4530399999999997
9182,2.4530399999999997
9183,2.4530399999999997
9184,2.4530399999999997
9185,2.4530399999999997
9186,2.4530399999999997
9187,2.4530399999999997
9188,2.4530399999999997
9189,2.4530399999999997
9190,2.4530399999999997
9191,2.4530399999999997
9192,2.4530399999999997
9193,2.4530399999999997
9194,2.4530399999999997
9195,2.4530399999999997
9196,2.4530399999999997
9197,2.4530399999999997
9198,2.4530399999999997
9199,2.4530399999999997
9200,2.4530399999999997
9201,2.4530399999999997
9202,2.4530399999999997
9203,2.4530399999999997
9204,2.4530399999999997
9205,2.4530399999999997
9206,2.4530399999999997
9207,2.4530399999999997
9208,2.4530399999999997
9209,2.4530399999999997
9210,2.4530399999999997
9211,2.4530399999999997
9212,2.4530399999999997
9213,2.4530399999999997
9214,2.4530399999999997
9215,2.4530399999999997
9216,2.4530399999999997
9217,2.4530399999999997
9218,2.4530399999999997
9219,2.4530399999999997
9220,2.4530399999999997
9221,2.4530399999999997
9222,2.4530399999999997
9223,2.4530399999999997
9224,2.4530399999999997
9225,2.4530399999999997
9226,2.4530399999999997
9227,2.4530399999999997
9228,2.4530399999999997
9229,2.4530399999999997
9230,2.4530399999999997
9231,2.4530399999999997
9232,2.4530399999999997
9233,2.4530399999999997
9234,2.4530399999999997
9235,2.4530399999999997
9236,2.4530399999999997
9237,2.4530399999999997
9238,2.4530399999999997
9239,2.4530399999999997
9240,2.4530399999999997
9241,2.4530399999999997
9242,2.4530399999999997
9243,2.4530399999999997
9244,2.4530399999999997
9245,2.4530399999999997
9246,2.4530399999999997
9247,2.4530399999999997
9248,2.4530399999999997
9249,2.4530399999999997
9250,2.4530399999999997
9251,2.4530399999999997
9252,2.4530399999999997
9253,2.4530399999999997
9254,2.4530399999999997
9255,2.4530399999999997
9256,2.4530399999999997
9257,2.4530399999999997
9258,2.4530399999999997
9259,2.4530399999999997
9260,2.4530399999999997
9261,2.4530399999999997
9262,2.4530399999999997
9263,2.4530399999999997
9264,2.4530399999999997
9265,2.4530399999999997
9266,2.4530399999999997
9267,2.4530399999999997
9268,2.4530399999999997
9269,2.4530399999999997
9270,2.4530399999999997
9271,2.4530399999999997
9272,2.4530399999999997
9273,2.4530399999999997
9274,2.4530399999999997
9275,2.4530399999999997
9276,2.4530399999999997
9277,2.4530399999999997
9278,2.4530399999999997
9279,2.4530399999999997
9280,2.4530399999999997
9281,2.4530399999999997
9282,2.4530399999999997
9283,2.4530399999999997
9284,2.4530399999999997
9285,2.4530399999999997
9286,2.4530399999999997
9287,2.4530399999999997
9288,2.4530399999999997
9289,2.4530399999999997
9290,2.4530399999999997
9291,2.4530399999999997
9292,2.4530399999999997
9293,2.4530399999999997
9294,2.4530399999999997
9295,2.4530399999999997
9296,2.4530399999999997
9297,2.4530399999999997
9298,2.4530399999999997
9299,2.4530399999999997
9300,2.4530399999999997
9301,2.4530399999999997
9302,2.4530399999999997
9303,2.4530399999999997
9304,2.4530399999999997
9305,2.4530399999999997
9306,2.4530399999999997
9307,2.4530399999999997
9308,2.4530399999999997
9309,2.4530399999999997
9310,2.4530399999999997
9311,2.4530399999999997
9312,2.4530399999999997
9313,2.4530399999999997
9314,2.4530399999999997
9315,2.4530399999999997
9316,2.4530399999999997
9317,2.4530399999999997
9318,2.4530399999999997
9319,2.4530399999999997
9320,2.4530399999999997
9321,2.4530399999999997
9322,2.4530399999999997
9323,2.4530399999999997
9324,2.4530399999999997
9325,2.4530399999999997
9326,2.4530399999999997
9327,2.4530399999999997
9328,2.4530399999999997
9329,2.4530399999999997
9330,2.4530399999999997
9331,2.4530399999999997
9332,2.4530399999999997
9333,2.4530399999999997
9334,2.4530399999999997
9335,2.4530399999999997
9336,2.4530399999999997
9337,2.4530399999999997
9338,2.4530399999999997
9339,2.4530399999999997
9340,2.4530399999999997
9341,2.4530399999999997
9342,2.4530399999999997
9343,2.4530399999999997
9344,2.4530399999999997
9345,2.4530399999999997
9346,2.4530399999999997
9347,2.4530399999999997
9348,2.4530399999999997
9349,2.4530399999999997
9350,2.4530399999999997
9351,2.4530399999999997
9352,2.4530399999999997
9353,2.4530399999999997
9354,2.4530399999999997
9355,2.4530399999999997
9356,2.4530399999999997
9357,2.4530399999999997
9358,2.4530399999999997
9359,2.4530399999999997
9360,2.4530399999999997
9361,2.4530399999999997
9362,2.4530399999999997
9363,2.4530399999999997
9364,2.4530399999999997
9365,2.4530399999999997
9366,2.4530399999999997
9367,2.4530399999999997
9368,2.4530399999999997
9369,2.4530399999999997
9370,2.4530399999999997
9371,2.4530399999999997
9372,2.4530399999999997
9373,2.4530399999999997
9374,2.4530399999999997
9375,2.4530399999999997
9376,2.4530399999999997
9377,2.4530399999999997
9378,2.4530399999999997
9379,2.4530399999999997
9380,2.4530399999999997
9381,2.4530399999999997
9382,2.4530399999999997
9383,2.4530399999999997
9384,2.4530399999999997
9385,2.4530399999999997
9386,2.4530399999999997
9387,2.4530399999999997
9388,2.4530399999999997
9389,2.4530399999999997
9390,2.4530399999999997
9391,2.4530399999999997
9392,2.4530399999999997
9393,2.4530399999999997
9394,2.4530399999999997
9395,2.4530399999999997
9396,2.4530399999999997
9397,2.4530399999999997
9398,2.4530399999999997
9399,2.4530399999999997
9400,2.4530399999999997
9401,2.4530399999999997
9402,2.4530399999999997
9403,2.4530399999999997
9404,2.4530399999999997
9405,2.4530399999999997
9406,2.4530399999999997
9407,2.4530399999999997
9408,2.4530399999999997
9409,2.4530399999999997
9410,2.4530399999999997
9411,2.4530399999999997
9412,2.4530399999999997
9413,2.4530399999999997
9414,2.4530399999999997
9415,2.4530399999999997
9416,2.4530399999999997
9417,2.4530399999999997
9418,2.4530399999999997
9419,2.4530399999999997
9420,2.4530399999999997
9421,2.4530399999999997
9422,2.4530399999999997
9423,2.4530399999999997
9424,2.4530399999999997
9425,2.4530399999999997
9426,2.4530399999999997
9427,2.4530399999999997
9428,2.4530399999999997
9429,2.4530399999999997
9430,2.4530399999999997
9431,2.4530399999999997
9432,2.4530399999999997
9433,2.4530399999999997
9434,2.4530399999999997
9435,2.4530399999999997
9436,2.4530399999999997
9437,2.4530399999999997
9438,2.4530399999999997
9439,2.4530399999999997
9440,2.4530399999999997
9441,2.4530399999999997
9442,2.4530399999999997
9443,2.4530399999999997
9444,2.4530399999999997
9445,2.4530399999999997
9446,2.4530399999999997
9447,2.4530399999999997
9448,2.4530399999999997
9449,2.4530399999999997
9450,2.4530399999999997
9451,2.4530399999999997
9452,2.4530399999999997
9453,2.4530399999999997
9454,2.4530399999999997
9455,2.4530399999999997
9456,2.4530399999999997
9457,2.4530399999999997
9458,2.4530399999999997
9459,2.4530399999999997
9460,2.4530399999999997
9461,2.4530399999999997
9462,2.4530399999999997
9463,2.4530399999999997
9464,2.4530399999999997
9465,2.4530399999999997
9466,2.4530399999999997
9467,2.4530399999999997
9468,2.4530399999999997
9469,2.4530399999999997
9470,2.4530399999999997
9471,2.4530399999999997
9472,2.4530399999999997
9473,2.4530399999999997
9474,2.4530399999999997
9475,2.4530399999999997
9476,2.4530399999999997
9477,2.4530399999999997
9478,2.4530399999999997
9479,2.4530399999999997
9480,2.4530399999999997
9481,2.4530399999999997
9482,2.4530399999999997
9483,2.4530399999999997
9484,2.4530399999999997
9485,2.4530399999999997
9486,2.4530399999999997
9487,2.4530399999999997
9488,2.4530399999999997
9489,2.4530399999999997
9490,2.4530399999999997
9491,2.4530399999999997
9492,2.4530399999999997
9493,2.4530399999999997
9494,2.4530399999999997
9495,2.4530399999999997
9496,2.4530399999999997
9497,2.4530399999999997
9498,2.4530399999999997
9499,2.4530399999999997
9500,2.4530399999999997
9501,2.4530399999999997
9502,2.4530399999999997
9503,2.4530399999999997
9504,2.4530399999999997
9505,2.4530399999999997
9506,2.4530399999999997
9507,2.4530399999999997
9508,2.4530399999999997
9509,2.4530399999999997
9510,2.4530399999999997
9511,2.4530399999999997
9512,2.4530399999999997
9513,2.4530399999999997
9514,2.4530399999999997
9515,2.4530399999999997
9516,2.4530399999999997
9517,2.4530399999999997
9518,2.4530399999999997
9519,2.4530399999999997
9520,2.4530399999999997
9521,2.4530399999999997
9522,2.4530399999999997
9523,2.4530399999999997
9524,2.4530399999999997
9525,2.4530399999999997
9526,2.4530399999999997
9527,2.4530399999999997
9528,2.4530399999999997
9529,2.4530399999999997
9530,2.4530399999999997
9531,2.4530399999999997
9532,2.4530399999999997
9533,2.4530399999999997
9534,2.4530399999999997
9535,2.4530399999999997
9536,2.4530399999999997
9537,2.4530399999999997
9538,2.4530399999999997
9539,2.4530399999999997
9540,2.4530399999999997
9541,2.4530399999999997
9542,2.4530399999999997
9543,2.4530399999999997
9544,2.4530399999999997
9545,2.4530399999999997
9546,2.4530399999999997
9547,2.4530399999999997
9548,2.4530399999999997
9549,2.4530399999999997
9550,2.4530399999999997
9551,2.4530399999999997
9552,2.4530399999999997
9553,2.4530399999999997
9554,2.4530399999999997
9555,2.4530399999999997
9556,2.4530399999999997
9557,2.4530399999999997
9558,2.4530399999999997
9559,2.4530399999999997
9560,2.4530399999999997
9561,2.4530399999999997
9562,2.4530399999999997
9563,2.4530399999999997
9564,2.4530399999999997
9565,2.4530399999999997
9566,2.4530399999999997
9567,2.4530399999999997
9568,2.4530399999999997
9569,2.4530399999999997
9570,2.4530399999999997
9571,2.4530399999999997
9572,2.4530399999999997
9573,2.4530399999999997
9574,2.4530399999999997
9575,2.4530399999999997
9576,2.4530399999999997
9577,2.4530399999999997
9578,2.4530399999999997
9579,2.4530399999999997
9580,2.4530399999999997
9581,2.4530399999999997
9582,2.4530399999999997
9583,2.4530399999999997
9584,2.4530399999999997
9585,2.4530399999999997
9586,2.4530399999999997
9587,2.4530399999999997
9588,2.4530399999999997
9589,2.4530399999999997
9590,2.4530399999999997
9591,2.4530399999999997
9592,2.4530399999999997
9593,2.4530399999999997
9594,2.4530399999999997
9595,2.4530399999999997
9596,2.4530399999999997
9597,2.4530399999999997
9598,2.4530399999999997
9599,2.4530399999999997
9600,2.4530399999999997
9601,2.4530399999999997
9602,2.4530399999999997
9603,2.4530399999999997
9604,2.4530399999999997
9605,2.4530399999999997
9606,2.4530399999999997
9607,2.4530399999999997
9608,2.4530399999999997
9609,2.4530399999999997
9610,2.4530399999999997
9611,2.4530399999999997
9612,2.4530399999999997
9613,2.4530399999999997
9614,2.4530399999999997
9615,2.4530399999999997
9616,2.4530399999999997
9617,2.4530399999999997
9618,2.4530399999999997
9619,2.4530399999999997
9620,2.4530399999999997
9621,2.4530399999999997
9622,2.4530399999999997
9623,2.4530399999999997
9624,2.4530399999999997
9625,2.4530399999999997
9626,2.4530399999999997
9627,2.4530399999999997
9628,2.4530399999999997
9629,2.4530399999999997
9630,2.4530399999999997
9631,2.4530399999999997
9632,2.4530399999999997
9633,2.4530399999999997
9634,2.4530399999999997
9635,2.4530399999999997
9636,2.4530399999999997
9637,2.4530399999999997
9638,2.4530399999999997
9639,2.4530399999999997
9640,2.4530399999999997
9641,2.4530399999999997
9642,2.4530399999999997
9643,2.4530399999999997
9644,2.4530399999999997
9645,2.4530399999999997
9646,2.4530399999999997
9647,2.4530399999999997
9648,2.4530399999999997
9649,2.4530399999999997
9650,2.4530399999999997
9651,2.4530399999999997
9652,2.4530399999999997
9653,2.4530399999999997
9654,2.4530399999999997
9655,2.4530399999999997
9656,2.4530399999999997
9657,2.4530399999999997
9658,2.4530399999999997
9659,2.4530399999999997
9660,2.4530399999999997
9661,2.4530399999999997
9662,2.4530399999999997
9663,2.4530399999999997
9664,2.4530399999999997
9665,2.4530399999999997
9666,2.4530399999999997
9667,2.4530399999999997
9668,2.4530399999999997
9669,2.4530399999999997
9670,2.4530399999999997
9671,2.4530399999999997
9672,2.4530399999999997
9673,2.4530399999999997
9674,2.4530399999999997
9675,2.4530399999999997
9676,2.4530399999999997
9677,2.4530399999999997
9678,2.4530399999999997
9679,2.4530399999999997
9680,2.4530399999999997
9681,2.4530399999999997
9682,2.4530399999999997
9683,2.4530399999999997
9684,2.4530399999999997
9685,2.4530399999999997
9686,2.4530399999999997
9687,2.4530399999999997
9688,2.4530399999999997
9689,2.4530399999999997
9690,2.4530399999999997
9691,2.4530399999999997
9692,2.4530399999999997
9693,2.4530399999999997
9694,2.4530399999999997
9695,2.4530399999999997
9696,2.4530399999999997
9697,2.4530399999999997
9698,2.4530399999999997
9699,2.4530399999999997
9700,2.4530399999999997
9701,2.4530399999999997
9702,2.4530399999999997
9703,2.4530399999999997
9704,2.4530399999999997
9705,2.4530399999999997
9706,2.4530399999999997
9707,2.4530399999999997
9708,2.4530399999999997
9709,2.4530399999999997
9710,2.4530399999999997
9711,2.4530399999999997
9712,2.4530399999999997
9713,2.4530399999999997
9714,2.4530399999999997
9715,2.4530399999999997
9716,2.4530399999999997
9717,2.4530399999999997
9718,2.4530399999999997
9719,2.4530399999999997
9720,2.4530399999999997
9721,2.4530399999999997
9722,2.4530399999999997
9723,2.4530399999999997
9724,2.4530399999999997
9725,2.4530399999999997
9726,2.4530399999999997
9727,2.4530399999999997
9728,2.4530399999999997
